crop,geography,native_plant_tC_ha,native_soil_tC_ha,ag_plant_tC_ha,ag_soil_tC_ha,coc_per_ha_tC_ha,land_use_ha_per_t_yr,yield_t_per_ha_yr,coc_per_tonne_tCO2e,value_source
Wheat,Global,56.68851048558536,78.43635090525375,0.8794518777083873,63.82739905138489,70.41801046174582,0.2439070198254555,4.099922998180287,2.099221309015376,own
Wheat,Central Asia,10.5375958058406,66.18093309585655,0.4249335835698911,55.09967311418791,21.19392220393935,0.606040687299137,1.65005423061044,1.569868566327092,own
Wheat,East Asia,90.15332811168996,85.14541420438786,1.785758869218011,61.76829726323621,111.7446861836236,0.1158263520937618,8.633613870447173,1.581919700351383,own
Wheat,Europe,90.76721113508026,97.30600969717865,1.147701692864346,74.19883293274222,112.7266862066523,0.1818178846677435,5.500008988815449,2.505033377207537,own
Wheat,Middle East & N. Africa,47.21953250650756,36.65471486664934,0.593239038316659,38.43937302853926,44.84163530630099,0.4061475310667196,2.46215949503267,2.225950157279247,own
Wheat,North America,24.7883895163339,115.0971533019879,0.8689280035931849,91.64102341238163,47.37559140234703,0.2662614219269799,3.755707427545558,1.541746840506953,own
Wheat,Oceania,32.91103035960645,37.7780146287848,0.5198199477658748,42.69236121811769,27.47686382250769,0.4830906876061037,2.070004712687335,1.622355415666885,own
Wheat,Russia,45.29264679044353,110.3952778945871,0.7218800667289118,84.87948829140029,70.08655632690144,0.3289466875176424,3.040006292649982,2.817801621953131,own
Wheat,South America,71.96154862060486,105.6179037264793,0.773237629431436,84.9361474994868,91.87006721816593,0.287893518925236,3.473506467714868,3.232630736541037,own
Wheat,South Asia,81.8592991950361,49.21591018202764,0.9815651326509744,42.02711822405978,88.06652602035297,0.1763590635401622,5.670250113186103,1.898273673778139,own
Wheat,Sub-Saharan Africa,49.61975170664559,73.83166767584851,0.9242179006342788,64.36004961167981,58.16715187018001,0.226932483072407,4.406597003924428,1.613335314207192,own
Wheat,Brazil,71.96154862060486,105.6179037264793,0.773237629431436,84.9361474994868,91.87006721816593,0.287893518925236,3.473506467714868,3.232630736541037,set to region
Wheat,China,89.68060694148363,84.42593061140951,1.848639860728394,61.28979241968901,110.9681052724758,0.1112345285513293,8.990014279051392,1.508648151293325,own
Wheat,India,105.5751502500948,63.92785525426535,1.16400720369442,52.57962372068069,115.759374579985,0.1474860283411349,6.780303268367917,2.086686604451254,own
Wheat,United States,23.22756949239342,111.733108443662,0.8657952745246392,88.81475619999289,45.28012646153788,0.269730266360904,3.707407453718901,1.49275140316207,own
Maize,Global,87.28381292449089,110.8334701960931,1.731081616252043,88.12280501249971,108.2633964918323,0.143377467057294,6.974596640073142,1.89719830226892,own
Maize,Central Asia,87.28381292449089,110.8334701960931,1.731081616252043,88.12280501249971,108.2633964918323,0.143377467057294,6.974596640073142,1.89719830226892,set to Global
Maize,East Asia,100.1055896444777,117.8163768695395,1.94374464229467,87.11814521567918,128.8600766560434,0.1377406976498892,7.260018404595356,2.16935606040042,own
Maize,Europe,82.32178158083158,93.19244039379579,1.818289266473382,69.0978554534725,104.5980772546815,0.1333330463606767,7.500016142246677,1.704557590246634,own
Maize,Middle East & N. Africa,52.350071731662,46.80420396313903,1.844811641839895,47.35241856120334,49.95704549175779,0.1273917172705956,7.849803907391231,0.7778361329395909,own
Maize,North America,55.73320639684124,118.5339677100125,2.208121252847222,93.3171129275547,78.74193992645176,0.09661819207290125,10.35001771970097,0.9298549181786051,own
Maize,Oceania,87.28381292449089,110.8334701960931,1.731081616252043,88.12280501249971,108.2633964918323,0.143377467057294,6.974596640073142,1.89719830226892,set to Global
Maize,Russia,53.72057857111515,91.69256810760866,1.566437938565868,69.44704941028884,74.39965932986912,0.1748247154438399,5.720015030261764,1.589732133178811,own
Maize,South America,111.3178570230244,122.6978078792185,1.893438126644115,96.32566006676699,135.7965667088318,0.1323234028282544,7.557242170517053,2.196218908804149,own
Maize,South Asia,114.2898320022015,84.99410374480765,1.439310376765109,77.22872593581462,120.6158994344294,0.1484393214940013,6.736759437696647,2.188284055642103,own
Maize,Sub-Saharan Africa,94.85154835295747,109.1649539593841,1.222417952982866,89.1334551291707,113.660629230188,0.3604287736113391,2.774473275206184,5.007024146829195,own
Maize,Brazil,127.434169665991,126.4633928331717,2.203012996572095,97.95960329129427,153.7349462112963,0.1175047449031885,8.510294633837075,2.207893800110018,own
Maize,China,80.19711275263352,110.818813286841,2.43299567314981,81.54870472904071,107.034225637284,0.1068949071743512,9.354982631389051,1.398394997263737,own
Maize,India,115.8445166438846,87.5598210557878,1.344792483249345,81.03959171207408,121.0199535043489,0.1631302267095116,6.130071784799973,2.412912632965877,own
Maize,United States,45.32769259209672,122.7394132657829,2.266830110479837,95.67072121323018,70.12955453416963,0.09267825183207946,10.79001794090663,0.7943814408431396,own
Rice (unprocessed),Global,138.2331185518821,100.737118481361,1.496543111529881,78.06066153562519,159.413032386088,0.1545935318472632,6.468575936204042,3.012071785439139,own
Rice (unprocessed),Central Asia,138.2331186087527,100.7371185180416,1.49654311256206,78.0606615658715,159.4130324483607,0.1545935320536855,6.468575927566821,3.012071790637661,set to Global
Rice (unprocessed),East Asia,153.9027282897786,106.1122700678978,1.940814780167087,79.12016009949672,178.9540234780126,0.1189587631470501,8.406274355457585,2.601884913605089,own
Rice (unprocessed),Europe,138.2331186087527,100.7371185180416,1.49654311256206,78.0606615658715,159.4130324483607,0.1545935320536855,6.468575927566821,3.012071790637661,set to Global
Rice (unprocessed),Middle East & N. Africa,138.2331186087527,100.7371185180416,1.49654311256206,78.0606615658715,159.4130324483607,0.1545935320536855,6.468575927566821,3.012071790637661,set to Global
Rice (unprocessed),North America,105.7990840945229,90.09602138028536,1.818883888794496,67.92399278155771,126.152228804456,0.1173687291977678,8.520157002935484,1.80966216202995,own
Rice (unprocessed),Oceania,138.2331186087527,100.7371185180416,1.49654311256206,78.0606615658715,159.4130324483607,0.1545935320536855,6.468575927566821,3.012071790637661,set to Global
Rice (unprocessed),Russia,138.2331186087527,100.7371185180416,1.49654311256206,78.0606615658715,159.4130324483607,0.1545935320536855,6.468575927566821,3.012071790637661,set to Global
Rice (unprocessed),South America,124.0424625050435,116.5049467586394,1.453004203926534,91.0734468443276,148.0209582154288,0.1533781169309139,6.519834902200748,2.774832602347906,own
Rice (unprocessed),South Asia,138.9680728449884,93.83582146919154,1.363413533891931,75.30780022247873,156.1326805578093,0.1697074702765041,5.892492524758644,3.238507829938984,own
Rice (unprocessed),Sub-Saharan Africa,104.1957589592007,103.7429219742112,0.5499716823031687,82.00024234380187,125.3884669073069,0.4587788155845075,2.179699598216952,7.030903285473402,own
Rice (unprocessed),Brazil,119.5335717120364,113.0929180340791,1.449300807053845,87.6606165977515,143.5165723413102,0.1476907196124093,6.77090613834329,2.590630269992662,own
Rice (unprocessed),China,127.4384415591167,167.1165871043883,2.698125228600226,121.3925462960242,170.4643571388806,0.08232072973187882,12.14760854595229,1.715113922249231,own
Rice (unprocessed),India,137.1259518553012,136.925314160392,1.380921961864292,109.6143723870555,163.0559716667734,0.1675764926704,5.967424094302195,3.339642513885577,own
Rice (unprocessed),United States,104.3725389791207,89.05052765119835,1.822405708798466,67.15249237379322,124.4481685477274,0.1170959218954764,8.540007062693718,1.781067814081082,own
Rice (w hulls)—high input,Global,136.8336557539354,97.23933114117986,1.888776548660979,75.33323853153907,156.8509718149152,0.1205274336292759,8.296866280882147,2.310592178291175,own
Rice (w hulls)—low input,Global,141.7251404933398,109.4650030942351,0.5178191902357172,84.86628776886478,165.8060366284743,0.5034229980312602,1.986401105850759,10.20195880625625,own
Barley,Global,56.72543117105772,88.6941075094745,0.7294144831651054,74.08881702955084,70.6013071678163,0.2968522263793186,3.368679467885133,2.561552304429117,own
Barley,Central Asia,10.31026807321783,75.25905909294032,0.4015972267398284,61.82479970217547,23.34293023724285,0.6451291453901854,1.550077232048139,1.840569455371191,own
Barley,East Asia,56.72543117105772,88.6941075094745,0.7294144831651054,74.08881702955084,70.6013071678163,0.2968522263793186,3.368679467885133,2.561552304429117,set to Global
Barley,Europe,89.70399864966832,97.52478151904627,0.9758421323759613,79.33471741403558,106.9182206223031,0.2083328474639693,4.800011194456255,2.722448342536423,own
Barley,Middle East & N. Africa,43.16195352057527,33.5930784994524,0.4610411599996123,35.51661833409243,40.77737252593563,0.5313380548478632,1.882040992313881,2.648136308856786,own
Barley,North America,29.78838384325342,140.6275402693449,0.8478455866831521,116.3458344919807,53.22224403393446,0.2544522609524501,3.930010274842366,1.65519692890416,own
Barley,Oceania,33.74839797314334,40.82696791551739,0.5918902937482817,47.34288614937267,26.6405894455398,0.4065027727882605,2.460007820219423,1.323602314017573,own
Barley,Russia,58.6378874240576,108.7658258194199,0.5899468616233403,82.32202092646243,84.49174545539175,0.408161966029827,2.450007798930789,4.21499429246676,own
Barley,South America,60.3252078244785,111.6146923692818,0.8225818027030958,89.70018974598227,81.41712864507488,0.2437718015268874,4.102197193179879,2.42576890416132,own
Barley,South Asia,80.68059471976655,53.37284561885278,0.6187817778014462,45.54085325585864,87.89380530495926,0.24817811055473,4.029364224607847,2.6660722647839,own
Barley,Sub-Saharan Africa,70.4560908190931,97.82204534231153,0.9620544133323132,87.17794414562044,80.13813760245188,0.2222916578382204,4.498594367980199,2.177271490009789,own
Barley,Brazil,60.3252078244785,111.6146923692818,0.8225818027030958,89.70018974598227,81.41712864507488,0.2437718015268874,4.102197193179879,2.42576890416132,set to region
Barley,China,56.72543117105772,88.6941075094745,0.7294144831651054,74.08881702955084,70.6013071678163,0.2968522263793186,3.368679467885133,2.561552304429117,set to Global
Barley,India,85.4639950856511,53.76359786834016,0.6301287377990021,44.72073691378051,93.87672730241175,0.2432809444451861,4.110474012999859,2.791362307501035,own
Barley,United States,23.37376928616521,116.883977204498,0.884693127565323,105.616725070015,33.7563282930829,0.2398075459968292,4.170010563442497,0.9893916083122554,own
Sorghum,Global,56.69980130070749,81.70397338177749,0.5591789824646898,72.5789905502615,65.26560514975881,0.6187407502954291,1.616185776551054,4.935637605414631,own
Sorghum,Central Asia,56.69980130070749,81.70397338177749,0.5591789824646898,72.5789905502615,65.26560514975881,0.6187407502954291,1.616185776551054,4.935637605414631,set to Global
Sorghum,East Asia,77.4889997870016,107.0989530371623,0.9856327784086738,79.61052960724038,103.9917904385149,0.2762420876176415,3.620013187071418,3.511066690490534,own
Sorghum,Europe,91.27990889526765,96.07248763255906,1.222306092487487,73.13165589584857,112.9984345394907,0.1999994910658724,5.000012723385567,2.762176926561364,own
Sorghum,Middle East & N. Africa,56.69980130070749,81.70397338177749,0.5591789824646898,72.5789905502615,65.26560514975881,0.6187407502954291,1.616185776551054,4.935637605414631,set to Global
Sorghum,North America,29.85917250604108,82.20367743821815,1.039936838490687,68.36809636311604,42.6548167426525,0.2544521881756926,3.930011398878308,1.326552511337912,own
Sorghum,Oceania,38.8215347616023,22.67595669524714,1.067076602441885,17.99110318250428,42.43931167190327,0.2829162365457558,3.534615093885822,1.467494152643107,own
Sorghum,Russia,56.69980130070749,81.70397338177749,0.5591789824646898,72.5789905502615,65.26560514975881,0.6187407502954291,1.616185776551054,4.935637605414631,set to Global
Sorghum,South America,107.662222413403,124.5790087211462,0.9127221229403919,97.24075471142075,134.087754300188,0.288352435841451,3.467978333811768,4.725664847318459,own
Sorghum,South Asia,68.87173634208831,70.2079041349729,0.4681636094767661,92.44824921777752,46.16322764980694,0.4949083782593315,2.020576017559357,2.792358327168946,own
Sorghum,Sub-Saharan Africa,55.38065712040979,85.0504384071137,0.5446870459319647,69.5080538693875,70.37835461220403,0.7264806465466604,1.376499160374772,6.24904042419117,own
Sorghum,Brazil,87.36132510928874,131.4456341260423,0.8781970456150217,102.8459123451979,115.0828498445182,0.3183732617831299,3.140967286006517,4.478136945369683,own
Sorghum,China,73.04948978383553,104.9433553019292,1.178653901045069,78.24731026630893,98.56688091841072,0.2109698011436252,4.740014895872299,2.541566532597216,own
Sorghum,India,70.02684836520174,71.81703210805534,0.4696675584024871,94.64684522271978,46.72736769213483,0.4921226849853584,2.032013622842344,2.810573046227403,own
Sorghum,United States,10.19927575973112,80.5400856928419,1.153286361499174,64.64193782728762,24.94413726378623,0.2178643432005984,4.590012231048065,0.6642090988720439,own
Millet,Global,54.10511579505185,64.93907166814013,0.237961959321189,56.81242885840412,61.99379664546667,0.9345233249002641,1.07006424917936,7.080901540082621,own
Millet,Central Asia,54.10511579505185,64.93907166814013,0.237961959321189,56.81242885840412,61.99379664546667,0.9345233249002641,1.07006424917936,7.080901540082621,set to Global
Millet,East Asia,75.8727290792911,107.0615063370702,0.6115099871134022,80.03938335342636,102.2833420758216,0.4328989762284204,2.310007772973681,5.411798830758769,own
Millet,Europe,54.10511579505185,64.93907166814013,0.237961959321189,56.81242885840412,61.99379664546667,0.9345233249002641,1.07006424917936,7.080901540082621,set to Global
Millet,Middle East & N. Africa,54.10511579505185,64.93907166814013,0.237961959321189,56.81242885840412,61.99379664546667,0.9345233249002641,1.07006424917936,7.080901540082621,set to Global
Millet,North America,54.10511579505185,64.93907166814013,0.237961959321189,56.81242885840412,61.99379664546667,0.9345233249002641,1.07006424917936,7.080901540082621,set to Global
Millet,Oceania,54.10511579505185,64.93907166814013,0.237961959321189,56.81242885840412,61.99379664546667,0.9345233249002641,1.07006424917936,7.080901540082621,set to Global
Millet,Russia,72.27254134665769,142.4350193847316,0.3494342783505155,119.6422446426888,94.71588181034991,0.7575736332615947,1.320003701415376,8.769964464634091,own
Millet,South America,54.10511579505185,64.93907166814013,0.237961959321189,56.81242885840412,61.99379664546667,0.9345233249002641,1.07006424917936,7.080901540082621,set to Global
Millet,South Asia,63.1827500636303,41.33007256229382,0.3176675257731958,47.21819024677887,56.97696485337204,0.5577308977185835,1.792979381437415,3.883955014738501,own
Millet,Sub-Saharan Africa,48.73886141359313,73.12721754402646,0.1800115979381443,59.57098094424636,62.11508641543509,1.335918930511703,0.7485484164948283,10.1420879771139,own
Millet,Brazil,54.10511579505185,64.93907166814013,0.237961959321189,56.81242885840412,61.99379664546667,0.9345233249002641,1.07006424917936,7.080901540082621,set to Global
Millet,China,58.19410072901349,104.5844890925127,0.7332825386597938,78.63940727905413,83.40590000381226,0.3610096155554666,2.770009320835825,3.680151676108594,own
Millet,India,64.42801576193207,40.22132271224136,0.3256092139175258,47.65010347325055,56.67362578700535,0.5441457011768883,1.837743085789673,3.769175647368585,own
Millet,United States,54.10511579505185,64.93907166814013,0.237961959321189,56.81242885840412,61.99379664546667,0.9345233249002641,1.07006424917936,7.080901540082621,set to Global
Oats,Global,74.35154527142812,118.9998788820966,0.6572736221940798,93.33499042863993,99.35916010269075,0.3650920839792805,2.739035010292777,4.433640789639399,own
Oats,Central Asia,74.35154527142812,118.9998788820966,0.6572736221940798,93.33499042863993,99.35916010269075,0.3650920839792805,2.739035010292777,4.433640789639399,set to Global
Oats,East Asia,80.4024460770544,112.6639864110218,0.8029085206959375,89.48175792558428,102.7817660417959,0.2932545109518884,3.410007221215639,3.683926465432679,own
Oats,Europe,102.2642446626653,108.3441868434561,0.7228510722733604,81.22135112997339,128.6642293038747,0.3333325983545577,3.000006614823566,5.241864450673543,own
Oats,Middle East & N. Africa,61.94770506126825,51.29220171208301,0.4469919208239275,50.56523118854285,62.22768366398449,0.5674181877748705,1.762368604928753,4.315559049272289,own
Oats,North America,41.67872724628229,154.6824950594085,0.7971746440766754,121.9925091984843,73.5715384631299,0.2958573597913036,3.380007178815479,2.660372137559394,own
Oats,Oceania,59.5738865146358,128.3637781730358,0.4259556321656984,102.7282112885022,84.78349776700367,0.6134953812116031,1.630004121669314,6.357301412369235,own
Oats,Russia,51.90966372239336,122.4008117939623,0.4723894604332577,94.40487918292075,79.43320687300164,0.5464467333328671,1.830004534752798,5.305179783921795,own
Oats,South America,86.99392172135735,103.9282407325299,0.6326734971365052,85.76192123236592,104.5275677243849,0.3630318592401161,2.754579176861118,4.637946775345961,own
Oats,South Asia,74.35154527142812,118.9998788820966,0.6572736221940798,93.33499042863993,99.35916010269075,0.3650920839792805,2.739035010292777,4.433640789639399,set to Global
Oats,Sub-Saharan Africa,74.35154527142812,118.9998788820966,0.6572736221940798,93.33499042863993,99.35916010269075,0.3650920839792805,2.739035010292777,4.433640789639399,set to Global
Oats,Brazil,126.5847953206074,117.4464598505313,0.5355265103030848,89.67198653466724,153.8237421261684,0.4516286056652226,2.214208726940709,8.490924710234781,own
Oats,China,60.50895422215119,114.2283674608949,0.8312933224711652,93.08870035090548,80.8173280096694,0.2808982902506581,3.560007428694761,2.774621576288559,own
Oats,India,119.165930931299,122.9900203864499,0.8029085206959375,92.90626324714351,148.4467795499094,0.2135588565485507,4.682549888876459,3.874704105432531,set to region
Oats,United States,50.43431633424819,141.9392387504469,0.5836668235787402,109.8140003126075,81.9758879485088,0.4291835379050301,2.330005491080323,4.300107974879117,own
Rye,Global,86.57213292418461,111.5263851808164,0.9168741378203934,84.94536911197464,112.236274855206,0.3123241134328524,3.201802092732085,4.284389393674885,own
Rye,Central Asia,86.57213292418461,111.5263851808164,0.9168741378203934,84.94536911197464,112.236274855206,0.3123241134328524,3.201802092732085,4.284389393674885,set to Global
Rye,East Asia,80.4024460770544,112.6639864110218,0.8937472880770173,89.48175792558428,102.6909272744149,0.3257319163318492,3.070009261791896,4.088298198232077,own
Rye,Europe,102.2642446626653,108.3441868434561,1.040288232691872,81.22135112997339,128.3467921434562,0.2702694976903646,3.700010576649143,4.239671705228853,own
Rye,Middle East & N. Africa,61.94770506126825,51.29220171208301,0.8252307070966081,50.56523118854285,61.84944487771181,0.3478531300015263,2.874776489708781,2.629552809836202,own
Rye,North America,41.67872724628229,154.6824950594085,0.7596150228096278,121.9925091984843,73.60909808439693,0.3952556672849246,2.530007999301218,3.555983833305417,own
Rye,Oceania,86.57213292418461,111.5263851808164,0.9168741378203934,84.94536911197464,112.236274855206,0.3123241134328524,3.201802092732085,4.284389393674885,set to Global
Rye,Russia,51.90966372239336,122.4008117939623,0.6168068641921164,94.40487918292075,79.28878946924277,0.5025108964566565,1.990006598963877,4.869758749185279,own
Rye,South America,86.57213292418461,111.5263851808164,0.9168741378203934,84.94536911197464,112.236274855206,0.3123241134328524,3.201802092732085,4.284389393674885,set to Global
Rye,South Asia,86.57213292418461,111.5263851808164,0.9168741378203934,84.94536911197464,112.236274855206,0.3123241134328524,3.201802092732085,4.284389393674885,set to Global
Rye,Sub-Saharan Africa,86.57213292418461,111.5263851808164,0.9168741378203934,84.94536911197464,112.236274855206,0.3123241134328524,3.201802092732085,4.284389393674885,set to Global
Rye,Brazil,86.57213292418461,111.5263851808164,0.9168741378203934,84.94536911197464,112.236274855206,0.3123241134328524,3.201802092732085,4.284389393674885,set to Global
Rye,China,60.50895422215119,114.2283674608949,1.044776228204732,93.08870035090548,80.60384510393583,0.2688164371782064,3.720010615783403,2.648266923341605,own
Rye,India,86.57213292418461,111.5263851808164,0.9168741378203934,84.94536911197464,112.236274855206,0.3123241134328524,3.201802092732085,4.284389393674885,set to Global
Rye,United States,41.67872724628229,154.6824950594085,0.7596150228096278,121.9925091984843,73.60909808439693,0.3952556672849246,2.530007999301218,3.555983833305417,set to region
Other cereals,Global,87.08801959751911,108.9746439255636,0.6921339059357592,87.91524427277547,107.4552853443715,0.3495983694343303,2.860425240592672,4.591423533093584,own
Other cereals,Central Asia,9.730817724413658,71.03836488558882,0.38728125,60.70137629752526,19.68052506247722,0.6535656548919047,1.5300681615,1.572085197353545,own
Other cereals,East Asia,80.4024460770544,112.8276518665321,0.54928125,89.64542338109457,103.0353933124919,0.4608280103734342,2.170006981975,5.803306092007095,own
Other cereals,Europe,101.5391978413835,107.5547852128653,0.91125,82.64665167019814,125.5360813840506,0.2777768840306534,3.600011583000001,4.262013741367567,own
Other cereals,Middle East & N. Africa,61.94770506126825,51.29220171208301,0.6935625,50.56523118854285,61.98111308480842,0.3537734745693975,2.826667548258586,2.680000123006729,own
Other cereals,North America,41.67872724628229,154.6824950594085,0.70875,121.9925091984843,73.65996310720656,0.3571417080394115,2.800009009,3.215305504672286,own
Other cereals,Oceania,59.5738865146358,128.3637781730358,0.47840625,102.7282112885022,84.73104714916937,0.5290988267250539,1.890006081075001,5.479356377465757,own
Other cereals,Russia,51.90966372239336,122.4008117939623,0.18984375,94.40487918292075,79.71575258343489,1.333329043347137,0.7500024131249998,12.99067343832724,own
Other cereals,South America,87.08801959751911,108.9746439255636,0.6921339059357592,87.91524427277547,107.4552853443715,0.3495983694343303,2.860425240592672,4.591423533093584,set to Global
Other cereals,South Asia,87.08801959751911,108.9746439255636,0.6921339059357592,87.91524427277547,107.4552853443715,0.3495983694343303,2.860425240592672,4.591423533093584,set to Global
Other cereals,Sub-Saharan Africa,83.83891074910875,110.7914678210783,0.5576850000000001,94.02819445709135,100.0444991130957,0.406828248015383,2.4580397376,4.974557903059221,own
Other cereals,Brazil,87.08801959751911,108.9746439255636,0.6921339059357592,87.91524427277547,107.4552853443715,0.3495983694343303,2.860425240592672,4.591423533093584,set to Global
Other cereals,China,60.50895422215119,114.2283674608949,0.6779699999999999,93.08870035090548,80.97065133214058,0.3733560269229212,2.678408617752,3.694885416289118,own
Other cereals,India,87.08801959751911,108.9746439255636,0.6921339059357592,87.91524427277547,107.4552853443715,0.3495983694343303,2.860425240592672,4.591423533093584,set to Global
Other cereals,United States,87.08801959751911,108.9746439255636,0.6921339059357592,87.91524427277547,107.4552853443715,0.3495983694343303,2.860425240592672,4.591423533093584,set to Global
Cassava,Global,134.6136523641167,121.3729191058345,0.3641113450305091,95.20797460090411,160.4144855240166,0.08243041225922504,12.13144484653584,1.616148376833977,own
Cassava,Central Asia,134.6136523641167,121.3729191058345,0.3641113450305091,95.20797460090411,160.4144855240166,0.08243041225922504,12.13144484653584,1.616148376833977,set to Global
Cassava,East Asia,163.5334247429492,120.0367829967288,0.442742709375,90.02758724754663,193.0998777827564,0.04502802149650746,22.2083930575889,1.062710665839157,own
Cassava,Europe,134.6136523641167,121.3729191058345,0.3641113450305091,95.20797460090411,160.4144855240166,0.08243041225922504,12.13144484653584,1.616148376833977,set to Global
Cassava,Middle East & N. Africa,134.6136523641167,121.3729191058345,0.3641113450305091,95.20797460090411,160.4144855240166,0.08243041225922504,12.13144484653584,1.616148376833977,set to Global
Cassava,North America,134.6136523641167,121.3729191058345,0.3641113450305091,95.20797460090411,160.4144855240166,0.08243041225922504,12.13144484653584,1.616148376833977,set to Global
Cassava,Oceania,134.6136523641167,121.3729191058345,0.3641113450305091,95.20797460090411,160.4144855240166,0.08243041225922504,12.13144484653584,1.616148376833977,set to Global
Cassava,Russia,134.6136523641167,121.3729191058345,0.3641113450305091,95.20797460090411,160.4144855240166,0.08243041225922504,12.13144484653584,1.616148376833977,set to Global
Cassava,South America,147.0670692341696,132.0393114667114,0.380731336875,101.9217417522517,176.8039076117543,0.07230133025340302,13.8310041668,1.562385942862507,own
Cassava,South Asia,126.0826406594301,120.2442663088068,0.461936705625,107.5784597725963,138.2865104900155,0.03947602490766082,25.331831215,0.6672113228607872,own
Cassava,Sub-Saharan Africa,128.6465367655816,120.5672263333056,0.348249189375,95.3020599415076,153.5634539680045,0.09948336691846041,10.051931604,1.867190042222401,own
Cassava,Brazil,146.5883931092738,127.0346736903495,0.3932812575,96.22973926825824,177.0000462738651,0.06481194661672703,15.42925420700008,1.402098811698439,own
Cassava,China,162.9062257535331,87.76363780748056,0.40656940875,65.82272835561042,184.4405657966533,0.05796928250252596,17.25051539074036,1.306786221105679,own
Cassava,India,117.9254244742027,115.3214711192399,0.4715337037500001,106.0818527686324,126.6935091210601,0.03751300311820349,26.65742321,0.580879933665102,own
Cassava,United States,134.6136523641167,121.3729191058345,0.3641113450305091,95.20797460090411,160.4144855240166,0.08243041225922504,12.13144484653584,1.616148376833977,set to Global
White potato,Global,95.72676892564127,99.3415495424983,0.2451300076339958,77.63365974040092,117.1895287201047,0.04578977060874949,21.83893884388494,0.6558544224027952,own
White potato,Central Asia,14.27053137899968,62.98717481890763,0.24533424,54.78933831835842,22.22303363954889,0.04716975309506653,21.2000261689856,0.1281200567534407,own
White potato,East Asia,92.45824224102843,107.2483878905872,0.2371476825,82.08914274216552,117.3803397069501,0.05524854157163258,18.1000252957528,0.7926224261989961,own
White potato,Europe,97.91517670454712,102.5671402320481,0.2551052925,74.36409021288097,125.8631214312143,0.04016059868195438,24.9000272112312,0.6178013488358663,own
White potato,Middle East & N. Africa,48.75921225606289,35.04757295871445,0.2646122625,38.13667353448822,45.40549941778912,0.03508768454115096,28.5000282314781,0.1947212471116976,own
White potato,North America,43.26802637772867,89.64420951782908,0.308185875,83.17528467732998,49.42876534322778,0.02222220598857482,45.00003287316,0.1342508695266611,own
White potato,Oceania,95.72676892564127,99.3415495424983,0.2451300076339958,77.63365974040092,117.1895287201047,0.04578977060874949,21.83893884388494,0.6558544224027952,set to Global
White potato,Russia,73.28184211998803,125.522746174517,0.2334505275,94.68451379609375,103.8866239709113,0.05988015023359579,16.7000249013896,0.7603134795225742,own
White potato,South America,96.41250909340489,119.7458404258342,0.23899626,102.3776526888192,113.5417005704199,0.05111223277064941,19.564788032,0.709300756844861,own
White potato,South Asia,146.1300609190203,83.76916426488835,0.2466546525,63.85404192164545,165.7985286097631,0.04109986027461342,24.33098296,0.8328584439508373,own
White potato,Sub-Saharan Africa,84.7075559231188,109.6001096805503,0.22103865,94.03687821798775,100.0497487356814,0.06954648072274483,14.3788728,0.8504354126597423,own
White potato,Brazil,137.666762181802,120.62230164684,0.2709502425,92.8432572489751,165.1748563371669,0.03236242927772838,30.9000289013592,0.6533339519263957,own
White potato,China,89.85698105392827,104.7041601450111,0.23793993,80.59781501226645,113.7253862566729,0.05434775112173858,18.40002538025919,0.7554212097057081,own
White potato,India,144.4179841540306,82.83617082284496,0.2487673125,63.54558629922446,163.4598013651512,0.03975587033193528,25.153518,0.7942594815902811,own
White potato,United States,35.50735641765407,84.722132472973,0.32347625175,84.0442959411578,35.86171669771927,0.01968890176514087,50.79003450413352,0.08629839987886417,own
Sweet potato,Global,121.5036511866466,113.8747947687173,0.222950920130851,88.45054302412515,146.7049520111078,0.07200614579505706,13.88770345862125,1.291113775522839,own
Yams,Global,133.4339282255168,107.9095048507957,0.2205978208413824,85.49025703582647,155.6325782196447,0.09639003979855451,10.37451589489847,1.833508161044169,own
Yams,Central Asia,133.4339282255168,107.9095048507957,0.2205978208413824,85.49025703582647,155.6325782196447,0.09639003979855451,10.37451589489847,1.833508161044169,set to Global
Yams,East Asia,133.4339282255168,107.9095048507957,0.2205978208413824,85.49025703582647,155.6325782196447,0.09639003979855451,10.37451589489847,1.833508161044169,set to Global
Yams,Europe,133.4339282255168,107.9095048507957,0.2205978208413824,85.49025703582647,155.6325782196447,0.09639003979855451,10.37451589489847,1.833508161044169,set to Global
Yams,Middle East & N. Africa,133.4339282255168,107.9095048507957,0.2205978208413824,85.49025703582647,155.6325782196447,0.09639003979855451,10.37451589489847,1.833508161044169,set to Global
Yams,North America,133.4339282255168,107.9095048507957,0.2205978208413824,85.49025703582647,155.6325782196447,0.09639003979855451,10.37451589489847,1.833508161044169,set to Global
Yams,Oceania,133.4339282255168,107.9095048507957,0.2205978208413824,85.49025703582647,155.6325782196447,0.09639003979855451,10.37451589489847,1.833508161044169,set to Global
Yams,Russia,133.4339282255168,107.9095048507957,0.2205978208413824,85.49025703582647,155.6325782196447,0.09639003979855451,10.37451589489847,1.833508161044169,set to Global
Yams,South America,161.4574367649008,141.5059878663961,0.221932929375,117.9469661453842,184.7945255565378,0.1040562654187168,9.610185373999869,2.350214557684514,own
Yams,South Asia,133.4339282255168,107.9095048507957,0.2205978208413824,85.49025703582647,155.6325782196447,0.09639003979855451,10.37451589489847,1.833508161044169,set to Global
Yams,Sub-Saharan Africa,132.9915731836296,107.3897481475148,0.220468471875,85.03311092320568,155.1277419360637,0.0965639472023702,10.35583184999975,1.830857976681185,own
Yams,Brazil,161.4574367649008,141.5059878663961,0.221932929375,117.9469661453842,184.7945255565378,0.1040562654187168,9.610185373999869,2.350214557684514,set to region
Yams,China,133.4339282255168,107.9095048507957,0.2205978208413824,85.49025703582647,155.6325782196447,0.09639003979855451,10.37451589489847,1.833508161044169,set to Global
Yams,India,133.4339282255168,107.9095048507957,0.2205978208413824,85.49025703582647,155.6325782196447,0.09639003979855451,10.37451589489847,1.833508161044169,set to Global
Yams,United States,133.4339282255168,107.9095048507957,0.2205978208413824,85.49025703582647,155.6325782196447,0.09639003979855451,10.37451589489847,1.833508161044169,set to Global
Sugarcane,Global,126.3247194955187,108.5788952707538,10.0,87.72933422481088,137.1742805414616,0.01348610835520109,74.150375605898,0.2261046591135326,own
Sugarcane,Central Asia,126.3247194955187,108.5788952707538,10.0,87.72933422481088,137.1742805414616,0.01348610835520109,74.150375605898,0.2261046591135326,set to Global
Sugarcane,East Asia,169.682901969915,108.2226986533063,10.0,81.30274196513443,186.6028586580869,0.01436780087898839,69.60007369411764,0.3276866653682608,own
Sugarcane,Europe,126.3247194955187,108.5788952707538,10.0,87.72933422481088,137.1742805414616,0.01348610835520109,74.150375605898,0.2261046591135326,set to Global
Sugarcane,Middle East & N. Africa,126.3247194955187,108.5788952707538,10.0,87.72933422481088,137.1742805414616,0.01348610835520109,74.150375605898,0.2261046591135326,set to Global
Sugarcane,North America,127.0968647764224,127.5210029182429,10.0,97.28280083970165,147.3350668549636,0.01317521661630556,75.90008036470589,0.2372542847879119,own
Sugarcane,Oceania,86.7077533660231,86.66363866632179,10.0,64.6638296175923,98.70756241475259,0.008834693357872531,113.1901198482353,0.1065840167379048,own
Sugarcane,Russia,126.3247194955187,108.5788952707538,10.0,87.72933422481088,137.1742805414616,0.01348610835520109,74.150375605898,0.2261046591135326,set to Global
Sugarcane,South America,136.1264856220147,140.8473735974277,10.0,108.6230838950616,158.3507753243808,0.01355510549061508,73.77294117647058,0.2623452900496596,own
Sugarcane,South Asia,91.17663051696815,51.8985922383465,10.0,55.64089379482822,77.43432896048644,0.01261177094833367,79.29100552941176,0.1193602691584815,own
Sugarcane,Sub-Saharan Africa,76.29183440294689,79.21116000607554,10.0,73.1025276059707,72.40046680305174,0.0161550717476186,61.90006554117648,0.1429553565934242,own
Sugarcane,Brazil,134.1143014713254,141.3581297221189,10.0,109.2486048297491,156.2238263636952,0.01338686668243095,74.70007909411765,0.2556091433072257,own
Sugarcane,China,162.8726148753668,92.13032137139963,10.0,68.97305250299567,176.0298837437708,0.01317521661630556,75.90008036470587,0.283461670465999,own
Sugarcane,India,105.4734708906361,61.69091323092675,10.0,67.39985215482807,89.76453196673475,0.01207295029366521,82.8297951764706,0.1324550006472624,own
Sugarcane,United States,101.5416143177388,125.6350799002471,10.0,97.36570945194426,119.8109847660417,0.01170958947514745,85.4000904235294,0.1714701323162046,own
Sugarbeet,Global,76.92866898467493,87.74562342458344,0.7146717109892485,66.22241775928809,97.73720293898104,0.01671591006174917,59.82324601567993,0.1996825470462697,own
Sugarbeet,Central Asia,76.92866898467493,87.74562342458344,0.7146717109892485,66.22241775928809,97.73720293898104,0.01671591006174917,59.82324601567993,0.1996825470462697,set to Global
Sugarbeet,East Asia,37.32398109364814,89.70490549508746,0.7258713145215212,71.18433869947494,55.11867657473913,0.01782529210301388,56.10006244054318,0.1200841290337668,own
Sugarbeet,Europe,109.5150932103173,105.6508721752301,0.7293634711333639,75.07994963620683,139.3566522782073,0.01466274310917389,68.20006274094376,0.2497428746889786,own
Sugarbeet,Middle East & N. Africa,45.99185124827428,24.64116641496551,0.7307286577608232,29.72190667358513,40.18038233189385,0.01683499901619353,59.40006287128993,0.08267559630338714,own
Sugarbeet,North America,39.79466987104447,101.9901009552991,0.7273407107157116,85.10203208913235,55.95539802649547,0.01436780317601264,69.60006256694287,0.09826130666979402,own
Sugarbeet,Oceania,76.92866898467493,87.74562342458344,0.7146717109892485,66.22241775928809,97.73720293898104,0.01671591006174917,59.82324601567993,0.1996825470462697,set to Global
Sugarbeet,Russia,68.50771145432765,94.44471230983513,0.6816922115967563,70.1308877886711,92.13984376389492,0.02257333355068682,44.30005864019024,0.2542104188055142,own
Sugarbeet,South America,76.92866898467493,87.74562342458344,0.7146717109892485,66.22241775928809,97.73720293898104,0.01671591006174917,59.82324601567993,0.1996825470462697,set to Global
Sugarbeet,South Asia,76.92866898467493,87.74562342458344,0.7146717109892485,66.22241775928809,97.73720293898104,0.01671591006174917,59.82324601567993,0.1996825470462697,set to Global
Sugarbeet,Sub-Saharan Africa,76.92866898467493,87.74562342458344,0.7146717109892485,66.22241775928809,97.73720293898104,0.01671591006174917,59.82324601567993,0.1996825470462697,set to Global
Sugarbeet,Brazil,76.92866898467493,87.74562342458344,0.7146717109892485,66.22241775928809,97.73720293898104,0.01671591006174917,59.82324601567993,0.1996825470462697,set to Global
Sugarbeet,China,22.1342335072594,82.21435947658804,0.7214319581368915,67.92848817554827,35.69867285016228,0.01848085110151707,54.11006205866305,0.08063511591246456,own
Sugarbeet,India,76.92866898467493,87.74562342458344,0.7146717109892485,66.22241775928809,97.73720293898104,0.01671591006174917,59.82324601567993,0.1996825470462697,set to Global
Sugarbeet,United States,40.16590039428978,100.6769519899418,0.7315921352155629,84.1766015727687,55.9346586762473,0.01515839087527951,65.9700629326568,0.1036297068509879,own
Sweet Potato,Central Asia,121.5036511866466,113.8747947687173,0.222950920130851,88.45054302412515,146.7049520111078,0.07200614579505706,13.88770345862125,1.291113775522839,set to Global
Sweet Potato,East Asia,138.6890423686592,105.1700699693079,0.24428991375,76.70567009902715,166.9091523251899,0.05025119048110562,19.90002605761148,1.025124663020699,own
Sweet Potato,Europe,121.5036511866466,113.8747947687173,0.222950920130851,88.45054302412515,146.7049520111078,0.07200614579505706,13.88770345862125,1.291113775522839,set to Global
Sweet Potato,Middle East & N. Africa,121.5036511866466,113.8747947687173,0.222950920130851,88.45054302412515,146.7049520111078,0.07200614579505706,13.88770345862125,1.291113775522839,set to Global
Sweet Potato,North America,120.3465589341058,99.70124947278421,0.25257250125,75.11250569702688,144.6827302086132,0.04366807089675009,22.90002694106698,0.7722019213681773,own
Sweet Potato,Oceania,121.5036511866466,113.8747947687173,0.222950920130851,88.45054302412515,146.7049520111078,0.07200614579505706,13.88770345862125,1.291113775522839,set to Global
Sweet Potato,Russia,121.5036511866466,113.8747947687173,0.222950920130851,88.45054302412515,146.7049520111078,0.07200614579505706,13.88770345862125,1.291113775522839,set to Global
Sweet Potato,South America,124.4711594916511,128.7450774293429,0.21944215125,100.5145798677596,152.4822149019843,0.08619043949781299,11.60221488399968,1.606306669978022,own
Sweet Potato,South Asia,154.3876841726645,110.1014760448106,0.2197182375,87.46490101666294,176.8045409633122,0.07494195071461403,13.3436611999612,1.619453879387973,own
Sweet Potato,Sub-Saharan Africa,107.8218493651463,119.4006448040327,0.20674218375,96.4639340064702,130.5518179789588,0.1146049712533062,8.725624979999731,1.828675120133331,own
Sweet Potato,Brazil,124.4711594916511,128.7450774293429,0.21944215125,100.5145798677596,152.4822149019843,0.08619043949781299,11.60221488399968,1.606306669978022,set to region
Sweet Potato,China,132.1053491985503,96.77276962650843,0.24981163875,70.11074711770264,158.5175600686061,0.04566204489784956,21.90002664657479,0.8846732821605872,own
Sweet Potato,India,146.5208953004852,108.8466693144047,0.22027041,88.3305112184654,166.8167829864245,0.07380318336408834,13.54955104127103,1.504752287249984,own
Sweet Potato,United States,121.8595340104384,100.5582974660555,0.25312467375,75.6256942011826,146.5390126015613,0.04328999269141501,23.1000269999656,0.7753377847757376,own
Soybean,Global,86.49392137065513,118.3486504421228,1.098308273199126,92.4680420562064,111.2762214833724,0.312612911430977,3.198844204554852,4.251669103116757,own
Soybean,Central Asia,86.49392137065513,118.3486504421228,1.098308273199126,92.4680420562064,111.2762214833724,0.312612911430977,3.198844204554852,4.251669103116757,set to Global
Soybean,East Asia,90.45148138432985,139.7281939877768,0.7046357407468359,102.7083634618154,126.7666761695445,0.5780335715023911,1.73000332385688,8.95588155901619,own
Soybean,Europe,102.7373170797923,100.0993150011123,0.9785943476513352,73.74408092779196,128.1139568054613,0.370369764142953,2.700004419405106,5.799387729111678,own
Soybean,Middle East & N. Africa,86.49392137065513,118.3486504421228,1.098308273199126,92.4680420562064,111.2762214833724,0.312612911430977,3.198844204554852,4.251669103116757,set to Global
Soybean,North America,56.89165945985225,123.7121253510346,1.135076447067988,95.24554632799455,84.2231620358243,0.2967354675613511,3.370004968459817,3.054577700312815,own
Soybean,Oceania,42.55801581207182,30.77448345641017,0.5708512966755094,28.02764240387828,44.73400556792819,0.751878150205575,1.330002740107004,4.110885943718857,own
Soybean,Russia,53.00757955821447,146.627849928945,0.6659567047320593,120.4771414240075,78.4923313584199,0.621116794120297,1.610003157966972,5.958688415334089,own
Soybean,South America,104.5733941664555,117.3141931428591,1.30343053672237,91.73293142435628,128.851225348236,0.2645498610896206,3.780005764815856,4.166259015979285,own
Soybean,South Asia,102.1736436978454,88.1391452933408,0.5715952926397107,78.7661473953182,110.9750463032283,0.5944078079856031,1.682346676079027,8.062319712847001,own
Soybean,Sub-Saharan Africa,86.49392137065513,118.3486504421228,1.098308273199126,92.4680420562064,111.2762214833724,0.312612911430977,3.198844204554852,4.251669103116757,set to Global
Soybean,Brazil,125.102960785898,124.0622179323158,1.57690108863109,96.30342776174056,151.2848498678422,0.2144998963166383,4.66200691548974,3.966182563558152,own
Soybean,China,85.50024324477478,138.4351481589469,0.7328764881678816,101.7981516742639,121.4043632412899,0.5494495099039385,1.820003443400709,8.152902741271014,own
Soybean,India,102.1608283137166,88.08325421524825,0.5715952926397105,78.57969867196906,111.0927885643561,0.7396257840935853,1.352035071661955,10.04264443710669,own
Soybean,United States,54.81630715682992,123.7077779226459,1.137244590964167,95.54640038009926,81.84044010841241,0.2958575526429644,3.380004975593041,2.959380394385311,own
Rapeseed,Global,77.86494880353467,104.6716319723449,0.87534235528582,81.33879223435021,100.3224461862436,0.4407622869778706,2.26879664967844,5.404465099765485,own
Rapeseed,Central Asia,77.86494880353467,104.6716319723449,0.87534235528582,81.33879223435021,100.3224461862436,0.4407622869778706,2.26879664967844,5.404465099765485,set to Global
Rapeseed,East Asia,120.2122154940785,101.9894594691542,0.8333628830822484,75.55729327926655,145.8110188008839,0.4878039352834082,2.050003961979134,8.69332307295884,own
Rapeseed,Europe,99.50965608892966,104.1277782651485,1.20440586310569,74.37583916964105,128.0571893213315,0.3257322995621395,3.070005649867189,5.098177669823523,own
Rapeseed,Middle East & N. Africa,77.86494880353467,104.6716319723449,0.87534235528582,81.33879223435021,100.3224461862436,0.4407622869778706,2.26879664967844,5.404465099765485,set to Global
Rapeseed,North America,24.91247478856715,165.988826689878,0.9636722787971305,132.6293262386885,57.30830296095951,0.4166658748980101,2.400004560596128,2.918472845707029,own
Rapeseed,Oceania,38.42801447247545,43.31492548814821,0.5746620627878163,47.01325645631083,34.15502144152501,0.7246362340288091,1.38000275592104,3.024995857957322,own
Rapeseed,Russia,69.77247909113375,108.7304938289392,0.5865149440754598,81.81171925329984,96.10473872269769,0.7092184439071274,1.410002811673847,8.330575397101553,own
Rapeseed,South America,77.86494880353467,104.6716319723449,0.87534235528582,81.33879223435021,100.3224461862436,0.4407622869778706,2.26879664967844,5.404465099765485,set to Global
Rapeseed,South Asia,100.701461733426,47.26301960951125,0.6017605311317765,38.58456868826735,108.7781521235381,0.5419668059458,1.845131452755441,7.205506936598699,own
Rapeseed,Sub-Saharan Africa,77.86494880353467,104.6716319723449,0.87534235528582,81.33879223435021,100.3224461862436,0.4407622869778706,2.26879664967844,5.404465099765485,set to Global
Rapeseed,Brazil,77.86494880353467,104.6716319723449,0.87534235528582,81.33879223435021,100.3224461862436,0.4407622869778706,2.26879664967844,5.404465099765485,set to Global
Rapeseed,China,119.9723333654699,102.0808810529743,0.84465899253702,75.62098368814372,145.5875717377634,0.4807683029527601,2.080004014112926,8.554808752768386,own
Rapeseed,India,97.4421366018969,44.03174727980019,0.6075466900849666,36.39216203191783,104.4741751596943,0.6601306020792046,1.514851753350493,8.429251129431888,own
Rapeseed,United States,7.618193563273787,158.9819617725677,0.8746647936559292,126.8725287906119,38.85296175157369,0.4629620729666366,2.160004152374843,2.198465831638022,own
Peanut (pods),Global,83.05305358152974,90.64843452924374,0.2350032977150339,77.44272949731572,96.02375531574273,0.5663525881245903,1.765684524037194,6.646848064329403,own
Peanut (pods),Central Asia,83.05305358152974,90.64843452924374,0.2350032977150339,77.44272949731572,96.02375531574273,0.5663525881245903,1.765684524037194,6.646848064329403,set to Global
Peanut (pods),East Asia,124.8883983414801,102.9924305890832,0.4504065789473684,74.73895527235564,152.6914670792603,0.3030299445804346,3.300003903523684,5.655232831958541,own
Peanut (pods),Europe,83.05305358152974,90.64843452924374,0.2350032977150339,77.44272949731572,96.02375531574273,0.5663525881245903,1.765684524037194,6.646848064329403,set to Global
Peanut (pods),Middle East & N. Africa,83.05305358152974,90.64843452924374,0.2350032977150339,77.44272949731572,96.02375531574273,0.5663525881245903,1.765684524037194,6.646848064329403,set to Global
Peanut (pods),North America,111.3684837965628,96.23304114765071,0.6019069736842105,76.06036160848038,130.939256362049,0.2267571013867198,4.410005216527105,3.628949650381103,own
Peanut (pods),Oceania,83.05305358152974,90.64843452924374,0.2350032977150339,77.44272949731572,96.02375531574273,0.5663525881245903,1.765684524037194,6.646848064329403,set to Global
Peanut (pods),Russia,83.05305358152974,90.64843452924374,0.2350032977150339,77.44272949731572,96.02375531574273,0.5663525881245903,1.765684524037194,6.646848064329403,set to Global
Peanut (pods),South America,100.6664478371847,110.3957666395473,0.404001052631579,85.94720951531484,124.7110039087856,0.3378374382146738,2.960003501342456,5.149472298388525,own
Peanut (pods),South Asia,66.7326148037693,65.87239354026106,0.2170140789473685,89.1488185054149,43.2391757596681,0.5404187579805984,1.850416894736842,2.85599864735101,own
Peanut (pods),Sub-Saharan Africa,71.19974197537343,93.14960892636726,0.1388890105263158,74.69586095811445,89.51460093309993,0.9827032400898528,1.017601203704758,10.75143524550425,own
Peanut (pods),Brazil,144.7502288159903,147.3226662809921,0.5213797368421053,112.7151131922563,178.836402167884,0.2617797950563965,3.820004518624385,5.721925819882797,own
Peanut (pods),China,112.0469426743413,95.05428937050813,0.5241094736842106,67.77303532507901,138.8040872460862,0.2604163586238111,3.840004542282105,4.417948939888922,own
Peanut (pods),India,66.55757279347637,66.22962125245347,0.2088248684210526,89.95808523083736,42.62028394667141,0.6392282234576564,1.564386495,3.329833025504533,own
Peanut (pods),United States,112.1004185808187,96.51752545936274,0.5800690789473686,76.25446569064732,131.7834092705867,0.2352938393212787,4.250005027265351,3.789845195415123,own
Sunflower,Global,51.40959751315501,86.79942262118388,0.8100354060171863,69.01403942963051,68.38494529869118,0.4184001515592493,2.390056495613843,3.49705540278641,own
Sunflower,Central Asia,10.32572904588642,76.90208550835625,0.4396629762093059,62.15955733410395,24.62859424392941,0.7999832659208234,1.250026147545657,2.408078842680799,own
Sunflower,East Asia,54.21067651675079,84.25457822096864,0.8642492825858301,68.95528788132285,68.64571757381074,0.3952561248982629,2.530005070148869,3.316211594554836,own
Sunflower,Europe,63.742404915122,82.67649136161721,1.240671627858795,64.27430641532862,80.90391823355179,0.2680959983446697,3.730007184644284,2.651002044633506,own
Sunflower,Middle East & N. Africa,55.63258547827917,43.48363601994059,0.896392442511353,46.19608032304659,52.02374873266182,0.3802273772922512,2.630005254017724,2.417659876809354,own
Sunflower,North America,11.20560545903523,119.2303560821522,0.6616875451089322,95.6422734113027,34.13200058477581,0.5235591382768747,1.910003907660128,2.184125877246012,own
Sunflower,Oceania,51.40959751315501,86.79942262118388,0.8100354060171863,69.01403942963051,68.38494529869118,0.4184001515592493,2.390056495613843,3.49705540278641,set to Global
Sunflower,Russia,41.3871771303743,87.68984216403632,0.6184858920290396,66.9605958573379,61.49793754504368,0.5617965984134873,1.780003657594223,4.222696148275077,own
Sunflower,South America,61.02321029297939,114.0364755531738,0.7469116691227655,90.86072540381166,83.4520487732188,0.4624481885815827,2.16240440484196,4.716830407495181,own
Sunflower,South Asia,51.40959751315501,86.79942262118388,0.8100354060171863,69.01403942963051,68.38494529869118,0.4184001515592493,2.390056495613843,3.49705540278641,set to Global
Sunflower,Sub-Saharan Africa,58.06254835069938,91.27044141810472,0.3710360814335233,74.39586609407648,74.56608759329411,0.9523789466768701,1.050002211293408,8.67963212843426,own
Sunflower,Brazil,61.02321029297939,114.0364755531738,0.7469116691227655,90.86072540381166,83.4520487732188,0.4624481885815827,2.16240440484196,4.716830407495181,set to region
Sunflower,China,27.0013484050703,79.0649456873108,0.9634255208315108,66.79911187618653,38.30375669536306,0.3521119776406049,2.84000563315311,1.648436963686193,own
Sunflower,India,51.40959751315501,86.79942262118388,0.8100354060171863,69.01403942963051,68.38494529869118,0.4184001515592493,2.390056495613843,3.49705540278641,set to Global
Sunflower,United States,9.662556246543284,119.4990143965416,0.6947455735122046,95.82902069176738,32.6378043778053,0.4975114233553495,2.01000409851041,1.984605395812768,own
Sesame,Global,71.55781125211269,81.51205481763589,0.2377225686085322,65.61831666494304,87.21382683619701,1.817754002931717,0.5501294445712547,19.3762901251933,own
Oil palm,Global,196.5397464348908,159.3523856695847,25.16473755767623,128.7966837088769,201.9307108379224,0.06861794771663665,14.57344664590641,1.693519783836201,own
Oil palm,Central Asia,196.5397464348908,159.3523856695847,25.16473755767623,128.7966837088769,201.9307108379224,0.06861794771663665,14.57344664590641,1.693519783836201,set to Global
Oil palm,East Asia,209.8324447774706,172.8047621416021,26.775,138.9741352787125,216.8880716403602,0.05780346820809248,17.3,1.532285669906206,own
Oil palm,Europe,196.5397464348908,159.3523856695847,25.16473755767623,128.7966837088769,201.9307108379224,0.06861794771663665,14.57344664590641,1.693519783836201,set to Global
Oil palm,Middle East & N. Africa,196.5397464348908,159.3523856695847,25.16473755767623,128.7966837088769,201.9307108379224,0.06861794771663665,14.57344664590641,1.693519783836201,set to Global
Oil palm,North America,196.5397464348908,159.3523856695847,25.16473755767623,128.7966837088769,201.9307108379224,0.06861794771663665,14.57344664590641,1.693519783836201,set to Global
Oil palm,Oceania,196.5397464348908,159.3523856695847,25.16473755767623,128.7966837088769,201.9307108379224,0.06861794771663665,14.57344664590641,1.693519783836201,set to Global
Oil palm,Russia,196.5397464348908,159.3523856695847,25.16473755767623,128.7966837088769,201.9307108379224,0.06861794771663665,14.57344664590641,1.693519783836201,set to Global
Oil palm,South America,170.338193268799,151.2156368709589,25.2,125.0268983029512,171.3269318368067,0.06849315068493152,14.6,1.434243721617104,own
Oil palm,South Asia,196.5397464348908,159.3523856695847,25.16473755767623,128.7966837088769,201.9307108379224,0.06861794771663665,14.57344664590641,1.693519783836201,set to Global
Oil palm,Sub-Saharan Africa,152.5144052769254,109.5809992524306,18.9,90.50578579028102,152.689618739075,0.2518891687657431,3.97,4.700771917519802,own
Oil palm,Brazil,170.338193268799,151.2156368709589,25.2,125.0268983029512,171.3269318368067,0.06849315068493152,14.6,1.434243721617104,set to region
Oil palm,China,209.8324447774706,172.8047621416021,26.775,138.9741352787125,216.8880716403602,0.05780346820809248,17.3,1.532285669906206,set to region
Oil palm,India,196.5397464348908,159.3523856695847,25.16473755767623,128.7966837088769,201.9307108379224,0.06861794771663665,14.57344664590641,1.693519783836201,set to Global
Oil palm,United States,196.5397464348908,159.3523856695847,25.16473755767623,128.7966837088769,201.9307108379224,0.06861794771663665,14.57344664590641,1.693519783836201,set to Global
Coconut,Global,180.6604383261837,144.3681243478005,37.69580557948548,119.4246392456553,167.9081178488434,0.1939232713465087,5.156678685629049,3.979713405419012,own
Coconut,Central Asia,180.6604383261837,144.3681243478005,37.69580557948548,119.4246392456553,167.9081178488434,0.1939232713465087,5.156678685629049,3.979713405419012,set to Global
Coconut,East Asia,209.4494575025038,158.999810659926,38.16964285714285,127.7356220098766,202.5440032954104,0.1945525291828794,5.139999999999999,4.8162214359047,own
Coconut,Europe,180.6604383261837,144.3681243478005,37.69580557948548,119.4246392456553,167.9081178488434,0.1939232713465087,5.156678685629049,3.979713405419012,set to Global
Coconut,Middle East & N. Africa,180.6604383261837,144.3681243478005,37.69580557948548,119.4246392456553,167.9081178488434,0.1939232713465087,5.156678685629049,3.979713405419012,set to Global
Coconut,North America,180.6604383261837,144.3681243478005,37.69580557948548,119.4246392456553,167.9081178488434,0.1939232713465087,5.156678685629049,3.979713405419012,set to Global
Coconut,Oceania,180.6604383261837,144.3681243478005,37.69580557948548,119.4246392456553,167.9081178488434,0.1939232713465087,5.156678685629049,3.979713405419012,set to Global
Coconut,Russia,180.6604383261837,144.3681243478005,37.69580557948548,119.4246392456553,167.9081178488434,0.1939232713465087,5.156678685629049,3.979713405419012,set to Global
Coconut,South America,179.5034510257574,147.5069131217431,46.20535714285715,123.3534048291034,157.4516021755398,0.101010101010101,9.899999999999999,1.943846940438764,own
Coconut,South Asia,139.3967064669747,117.8402866044245,40.17857142857142,106.940544355826,110.1178772870019,0.1626016260162602,6.15,2.188431165595339,own
Coconut,Sub-Saharan Africa,151.2051368907543,137.609988284859,28.125,111.6981548646001,148.9919703110133,0.6060606060606062,1.65,11.03644224526025,own
Coconut,Brazil,198.4456455740487,139.9914676905466,50.22321428571428,111.9931741524373,176.2207248264437,0.08680555555555554,11.52,1.869625745650926,own
Coconut,China,146.0907082479759,97.4206917217369,48.21428571428572,77.9309321851543,117.3661820702728,0.09433962264150944,10.6,1.353278828902516,own
Coconut,India,130.2310034187323,108.4588434428552,40.17857142857142,102.6157505757204,95.89552485729568,0.1569858712715855,6.370000000000001,1.839962974760601,own
Coconut,United States,180.6604383261837,144.3681243478005,37.69580557948548,119.4246392456553,167.9081178488434,0.1939232713465087,5.156678685629049,3.979713405419012,set to Global
Olive,Global,59.48489062588538,56.97699837489387,10.46490306380425,79.76778696791696,26.22919896905803,0.5236791808481593,1.909566078950062,1.678805997051296,own
Olive,Central Asia,59.48489062588538,56.97699837489387,10.46490306380425,79.76778696791696,26.22919896905803,0.5236791808481593,1.909566078950062,1.678805997051296,set to Global
Olive,East Asia,59.48489062588538,56.97699837489387,10.46490306380425,79.76778696791696,26.22919896905803,0.5236791808481593,1.909566078950062,1.678805997051296,set to Global
Olive,Europe,70.05819069853264,73.80614508630191,12.73846153846154,103.3286031208227,27.79727112555037,0.4016064257028112,2.49,1.364435441236296,own
Olive,Middle East & N. Africa,49.33545670581299,41.31562726360978,7.961538461538463,57.84187816905369,24.8476673388306,0.7936507936507933,1.260000000000001,2.41026755491302,own
Olive,North America,59.48489062588538,56.97699837489387,10.46490306380425,79.76778696791696,26.22919896905803,0.5236791808481593,1.909566078950062,1.678805997051296,set to Global
Olive,Oceania,59.48489062588538,56.97699837489387,10.46490306380425,79.76778696791696,26.22919896905803,0.5236791808481593,1.909566078950062,1.678805997051296,set to Global
Olive,Russia,59.48489062588538,56.97699837489387,10.46490306380425,79.76778696791696,26.22919896905803,0.5236791808481593,1.909566078950062,1.678805997051296,set to Global
Olive,South America,85.71284396861294,81.39207510927312,14.72884615384616,113.9489051529824,38.42716777105754,0.2824858757062146,3.54,1.326738372509833,own
Olive,South Asia,59.48489062588538,56.97699837489387,10.46490306380425,79.76778696791696,26.22919896905803,0.5236791808481593,1.909566078950062,1.678805997051296,set to Global
Olive,Sub-Saharan Africa,54.4255548187941,48.08369662330863,12.73846153846154,67.31717527263208,22.45361463100912,0.4,2.5,1.097732270849335,own
Olive,Brazil,59.48489062588538,56.97699837489387,10.46490306380425,79.76778696791696,26.22919896905803,0.5236791808481593,1.909566078950062,1.678805997051296,set to Global
Olive,China,59.48489062588538,56.97699837489387,10.46490306380425,79.76778696791696,26.22919896905803,0.5236791808481593,1.909566078950062,1.678805997051296,set to Global
Olive,India,59.48489062588538,56.97699837489387,10.46490306380425,79.76778696791696,26.22919896905803,0.5236791808481593,1.909566078950062,1.678805997051296,set to Global
Olive,United States,59.48489062588538,56.97699837489387,10.46490306380425,79.76778696791696,26.22919896905803,0.5236791808481593,1.909566078950062,1.678805997051296,set to Global
Common beans,Global,99.15869590870123,92.58419019377881,0.415976778003975,75.92228581766449,115.4046235068116,0.9313081783650606,1.073758422003262,13.13611074025975,own
Common beans,Central Asia,10.18672590787275,43.97982744546553,0.5433089694199692,36.22138615741524,17.40185822650307,0.8064194118350587,1.240049514339488,1.715168433715451,own
Common beans,East Asia,144.1918493646323,113.1614473898401,0.6647262673004016,85.13264434164755,171.5559261455244,0.6289284578294985,1.590005965783629,13.18733827427085,own
Common beans,Europe,88.13506519492879,98.52651764570878,0.8545352309349639,74.34310219529293,111.4639454144097,0.4524871605149008,2.21000745935435,6.164400508487727,own
Common beans,Middle East & N. Africa,58.00125783795918,42.32528748515024,0.8797439198821896,45.21407592318899,54.23272548003825,0.4347811628534151,2.300007648530869,2.881922688201464,own
Common beans,North America,42.54709860086929,72.25027640588374,0.5213134133770282,68.5407867662562,45.7352748271198,0.8474542061532185,1.180004763371487,4.737156235999745,own
Common beans,Oceania,99.15869590870123,92.58419019377881,0.415976778003975,75.92228581766449,115.4046235068116,0.9313081783650606,1.073758422003262,13.13611074025975,set to Global
Common beans,Russia,99.15869590870123,92.58419019377881,0.415976778003975,75.92228581766449,115.4046235068116,0.9313081783650606,1.073758422003262,13.13611074025975,set to Global
Common beans,South America,121.5363144250077,124.4244848399737,0.4851204525589457,95.7390446084303,149.7366342039921,0.9352748036665949,1.069204469188799,17.11659903027989,own
Common beans,South Asia,84.28824782778135,65.48393810632491,0.2073650084367885,59.1231812419679,90.44163968370157,1.624117329621693,0.6157190627557252,17.95295752918565,own
Common beans,Sub-Saharan Africa,94.19340178269742,122.4231336911724,0.5095171680105838,97.38651921692629,118.720499088933,0.9007347842311653,1.110204710095174,13.06991682708388,own
Common beans,Brazil,109.5617701332931,117.0683398082419,0.5285906793082947,89.25802586749809,136.8434933947286,0.8499030033332933,1.176604854998783,14.21489618056438,own
Common beans,China,66.75737465546881,116.4800291360247,0.7102323791286773,87.87314403630045,94.6540273760644,0.5780325654814339,1.730006334793813,6.687157922785557,own
Common beans,India,84.0871832815111,65.4937337894406,0.2073650084367885,59.37200446867678,90.00154759383813,2.187290598733083,0.4571866219235878,24.06061031286369,own
Common beans,United States,29.41627442827541,123.5950296384989,0.8517002938293518,97.91186543700219,54.24773833594274,0.4545439177774119,2.200007437982474,3.013753051684627,own
Faba beans,Global,104.7724052604677,101.7263632905189,0.7636891839630194,81.20081107854372,124.5342682884799,0.4971676874302566,2.011393791838657,7.567317287542553,own
Cow peas,Global,63.80731096688633,78.60995109400233,0.3435867030030382,62.63012624273772,79.44354911514792,1.394484495543118,0.7171108773142181,13.54011969591012,own
Chickpeas,Global,100.4426340494904,88.82485099136404,0.9605879405520349,75.04853797800983,113.2583591222926,0.3782016131536413,2.644092370895727,5.235327059500448,own
Peas,Global,59.34650973859134,108.3758687760019,0.7354615088944958,92.03025832665622,74.95665867904256,0.494818602341796,2.020942614661948,4.533215999128043,own
Peas,Central Asia,59.34650973859134,108.3758687760019,0.7354615088944958,92.03025832665622,74.95665867904256,0.494818602341796,2.020942614661948,4.533215999128043,set to Global
Peas,East Asia,96.49559636167358,112.0491370339965,0.6180989055205525,83.65335877190593,124.2732757182436,0.6578923211710642,1.520005581186866,9.992697467109739,own
Peas,Europe,93.8019450062256,96.53197074147367,0.9140938796383502,79.32041083307169,110.0994110349892,0.3936995627364768,2.540007901073924,5.297855442246754,own
Peas,Middle East & N. Africa,48.43818870031237,42.07865512817499,0.4429950274418473,55.34711110962347,34.72673769142204,0.9803882296004695,1.020004085940039,4.161139263733607,own
Peas,North America,20.21280378138048,142.0591209870619,0.9011801393550887,113.7398507794,47.63089384968721,0.4016051666135541,2.490007806503778,2.337966040722418,own
Peas,Oceania,59.34650973859134,108.3758687760019,0.7354615088944958,92.03025832665622,74.95665867904256,0.494818602341796,2.020942614661948,4.533215999128043,set to Global
Peas,Russia,49.0476619455492,102.1520458602585,0.786634883812356,78.20126172589934,72.21181119609602,0.483090167972826,2.0700069392765,4.263699733375381,own
Peas,South America,97.72898947430141,115.750633708063,0.7249563869620631,92.82224014350604,119.9324266518963,0.5376325434240818,1.860006452792433,7.880837015318808,own
Peas,South Asia,57.43358894372493,68.85883135370445,0.4578753648011439,88.06327201100582,37.77127292162241,0.6750309318965753,1.48141359565611,3.116272812791435,own
Peas,Sub-Saharan Africa,86.51158616591815,110.1742431275802,0.5122703993444533,90.78709554362541,105.3864633505284,0.8264430806133356,1.21000468569216,10.6450560854434,own
Peas,Brazil,97.72898947430141,115.750633708063,0.7249563869620631,92.82224014350604,119.9324266518963,0.5376325434240818,1.860006452792433,7.880837015318808,set to region
Peas,China,85.23006462983828,112.2662963638752,0.6213737338683983,83.7310344839511,113.1439527758939,0.653592375417446,1.530005608405859,9.038336371645268,own
Peas,India,46.66063553647636,88.96749462552184,0.4652552849328783,130.0422009508161,5.120673926249225,0.8611097153023604,1.161292204964696,0.5389342526075065,own
Peas,United States,11.02136380069125,131.9830483634338,0.9037745879851143,106.0594671776593,36.04117039848065,0.3999987479146051,2.500007825558214,1.762007259560679,own
Pigeon peas,Global,91.66064992956147,90.97785519159738,0.4239497656285332,98.68546366738343,83.5290916881469,0.8077459926940103,1.238012950908961,8.246368665879817,own
Lentils,Global,71.58034137070385,101.8008111539183,0.5324983780724588,81.36485041224343,91.48380373430622,0.7426383451873065,1.346550452828802,8.303702075372673,own
Lentils,Central Asia,8.230109712681754,44.54556868028911,0.4568564115092345,35.70599197629424,16.61283000516738,1.020364378869856,0.980042052337802,2.071805996271381,own
Lentils,East Asia,95.58582560994842,104.5765239490179,0.9402720819939857,78.42206549938345,120.8000119775889,0.4081619174293425,2.450008090657089,6.026284551742918,own
Lentils,Europe,71.58034137070385,101.8008111539183,0.5324983780724588,81.36485041224343,91.48380373430622,0.7426383451873065,1.346550452828802,8.303702075372673,set to Global
Lentils,Middle East & N. Africa,51.13749859552091,39.39942897010879,0.4806156059793953,43.19432564452428,46.86198631512602,0.9615344519133172,1.040004336828641,5.507261751088053,own
Lentils,North America,8.190575891531452,135.3914153279254,0.6149317420976339,108.4610572901611,34.50600218719811,0.7142828801982161,1.400005554833537,3.012416809893065,own
Lentils,Oceania,71.58034137070385,101.8008111539183,0.5324983780724588,81.36485041224343,91.48380373430622,0.7426383451873065,1.346550452828802,8.303702075372673,set to Global
Lentils,Russia,71.58034137070385,101.8008111539183,0.5324983780724588,81.36485041224343,91.48380373430622,0.7426383451873065,1.346550452828802,8.303702075372673,set to Global
Lentils,South America,71.58034137070385,101.8008111539183,0.5324983780724588,81.36485041224343,91.48380373430622,0.7426383451873065,1.346550452828802,8.303702075372673,set to Global
Lentils,South Asia,141.1647596503201,94.67324821676301,0.4628234681106165,71.20466855358612,164.1705158453863,0.7073277953024107,1.413771672259055,14.19273399213714,own
Lentils,Sub-Saharan Africa,79.62326864052633,120.256453091872,0.7563660427800897,118.9061275188626,80.2172281707557,0.5807177887790373,1.72200683244525,5.693547611315026,own
Lentils,Brazil,71.58034137070385,101.8008111539183,0.5324983780724588,81.36485041224343,91.48380373430622,0.7426383451873065,1.346550452828802,8.303702075372673,set to Global
Lentils,China,94.25279758035404,104.5415342660479,0.9510494693677042,78.39624144044755,119.4470409365866,0.40160510833136,2.490008167861528,5.863066221857566,own
Lentils,India,141.8614813301939,95.72635056606653,0.4456520571539817,71.83139487294342,165.310784966163,0.9788078043983803,1.021651028431108,19.77647056930145,own
Lentils,United States,7.104733174646576,132.9736527331694,0.690655136237542,107.76614796898,31.62158280259841,0.6172815970097709,1.620006176831108,2.385707027289013,own
Other oil/prot field crops,Global,85.57330420636868,89.7733564236625,0.3963004881183151,82.43412045417925,92.5162396877336,1.018603132028111,0.981736623967501,11.51789607336975,own
Cashewnut,Global,124.2895222321967,124.7815674382921,11.82695420177673,99.82525395063368,137.4188815180785,2.390076939117537,0.4183965727769499,40.14287440969476,own
Almond,Global,60.0244855390564,53.31263007709556,7.365278081717994,67.77433192408385,38.19750561035012,1.539216691471307,0.6496811043831131,7.185962447646863,own
Almond,Central Asia,60.0244855390564,53.31263007709556,7.365278081717994,67.77433192408385,38.19750561035012,1.539216691471307,0.6496811043831131,7.185962447646863,set to Global
Almond,East Asia,60.0244855390564,53.31263007709556,7.365278081717994,67.77433192408385,38.19750561035012,1.539216691471307,0.6496811043831131,7.185962447646863,set to Global
Almond,Europe,70.05819069853264,73.80614508630191,4.347,103.3286031208227,36.18873266401189,4.593301435406697,0.2177083333333334,20.31648149558561,own
Almond,Middle East & N. Africa,51.10956054150093,11.33548217149531,6.804,14.83863654561086,40.80240616738539,2.577873254564981,0.387916666666667,12.85575274876445,own
Almond,North America,60.70092446602164,79.2980520390305,12.096,93.44260624695102,34.46037025810111,0.6237816764132552,1.603125,2.62725803137353,own
Almond,Oceania,60.0244855390564,53.31263007709556,7.365278081717994,67.77433192408385,38.19750561035012,1.539216691471307,0.6496811043831131,7.185962447646863,set to Global
Almond,Russia,60.0244855390564,53.31263007709556,7.365278081717994,67.77433192408385,38.19750561035012,1.539216691471307,0.6496811043831131,7.185962447646863,set to Global
Almond,South America,90.91879657372786,103.1887952349236,12.096,109.4683690279323,72.54322278071916,0.6191950464396284,1.615,5.490027179827387,own
Almond,South Asia,60.0244855390564,53.31263007709556,7.365278081717994,67.77433192408385,38.19750561035012,1.539216691471307,0.6496811043831131,7.185962447646863,set to Global
Almond,Sub-Saharan Africa,60.0244855390564,53.31263007709556,7.365278081717994,67.77433192408385,38.19750561035012,1.539216691471307,0.6496811043831131,7.185962447646863,set to Global
Almond,Brazil,90.91879657372786,103.1887952349236,12.096,109.4683690279323,72.54322278071916,0.6191950464396284,1.615,5.490027179827387,set to region
Almond,China,60.0244855390564,53.31263007709556,7.365278081717994,67.77433192408385,38.19750561035012,1.539216691471307,0.6496811043831131,7.185962447646863,set to Global
Almond,India,60.0244855390564,53.31263007709556,7.365278081717994,67.77433192408385,38.19750561035012,1.539216691471307,0.6496811043831131,7.185962447646863,set to Global
Almond,United States,55.98429581976501,68.03662433095559,12.096,69.53295955951533,42.39196059120526,0.6237816764132554,1.603125,3.231962340936593,own
Other tree nuts,Global,38.09794233358096,67.38264668149799,7.598655234656798,65.5561394050063,32.32579437541584,0.4511822616013502,2.216399191871526,1.782589723977373,own
Other tree nuts,Central Asia,9.095300359793546,80.92149781246877,8.9544,67.97405816247377,13.08834000978854,0.3787878787878788,2.64,0.6059416671198398,own
Other tree nuts,East Asia,22.81832717612613,144.7245980138466,12.054,121.5686623316311,33.92026285834159,0.2816901408450704,3.55,1.16783377603054,own
Other tree nuts,Europe,70.05819069853264,73.80614508630191,6.1992,103.3286031208227,34.33653266401191,0.5649717514124294,1.77,2.371009788475399,own
Other tree nuts,Middle East & N. Africa,25.0,0.0,4.1328,0.0,20.8672,0.8474576271186436,1.180000000000001,2.16138606403013,own
Other tree nuts,North America,50.12345394354303,43.94164370975944,8.2656,71.2560707848237,14.54342686847876,0.4098360655737704,2.44,0.7284958813901017,own
Other tree nuts,Oceania,38.09794233358096,67.38264668149799,7.598655234656798,65.5561394050063,32.32579437541584,0.4511822616013502,2.216399191871526,1.782589723977373,set to Global
Other tree nuts,Russia,38.09794233358096,67.38264668149799,7.598655234656798,65.5561394050063,32.32579437541584,0.4511822616013502,2.216399191871526,1.782589723977373,set to Global
Other tree nuts,South America,136.2125199927447,129.6209244788694,7.9212,103.6967395830956,154.2155048885185,0.4347826086956522,2.3,8.195026829824657,own
Other tree nuts,South Asia,38.09794233358096,67.38264668149799,7.598655234656798,65.5561394050063,32.32579437541584,0.4511822616013502,2.216399191871526,1.782589723977373,set to Global
Other tree nuts,Sub-Saharan Africa,76.98441188952124,98.6692883937666,5.8548,82.88220225076395,86.91669803252387,0.5988023952095809,1.67,6.361168851349052,own
Other tree nuts,Brazil,136.2125199927447,129.6209244788694,7.9212,103.6967395830956,154.2155048885185,0.4347826086956522,2.3,8.195026829824657,set to region
Other tree nuts,China,22.81832717612613,144.7245980138466,15.498,121.5686623316311,30.4762628583416,0.2212389380530974,4.52,0.8240877370741337,own
Other tree nuts,India,38.09794233358096,67.38264668149799,7.598655234656798,65.5561394050063,32.32579437541584,0.4511822616013502,2.216399191871526,1.782589723977373,set to Global
Other tree nuts,United States,76.34563325604107,39.47352966985213,8.2656,55.26294153779298,52.29062138810023,0.4098360655737704,2.44,2.619293421079702,own
Tomato,Global,93.09052884222005,86.11586532469035,0.5634907630822719,72.96158327296288,105.6813201308652,0.0218087064588995,45.8532468161095,0.2816944642017032,own
Tomato,Central Asia,12.7690452670942,25.05616370799445,0.4200560065904549,26.18146456727628,11.22368840122192,0.02720550617355092,36.75726500439811,0.0373200818331556,own
Tomato,East Asia,123.6488396100729,104.0949722387395,1.141325604305333,76.27642579216838,150.3260604523388,0.01180531240388208,84.70762702316611,0.2169011907436883,own
Tomato,Europe,76.14058541449941,86.9249553618739,0.997851990506016,84.86637121264381,77.2013175732235,0.01266653981108011,78.94815908013376,0.1195178798622201,own
Tomato,Middle East & N. Africa,30.54607260634332,22.59148051016685,0.7823165415078278,27.75238834674183,24.60284822826052,0.01539188638353733,64.96929454141294,0.04628362990054205,own
Tomato,North America,69.90894035438725,62.41030137543876,0.9767744024833932,55.32423247630764,76.01823485103499,0.01183823958520562,84.47201907027721,0.1099904760791198,own
Tomato,Oceania,93.09052884222005,86.11586532469035,0.5634907630822719,72.96158327296288,105.6813201308652,0.0218087064588995,45.8532468161095,0.2816944642017032,set to Global
Tomato,Russia,39.54832674409678,92.27364115664706,0.4807612341872698,72.76159882538035,58.57960784117624,0.02461999452027635,40.61739328075103,0.176272509606074,own
Tomato,South America,124.9236401123142,112.7334736840572,0.5800574922620242,89.39515183233873,147.6819044717707,0.02005295035017294,49.86797366659694,0.3619559653100601,own
Tomato,South Asia,112.4276598673714,85.86006223082873,0.2710677109063492,72.65890283435539,125.3577515529384,0.04002719917577223,24.98301206658703,0.6132768509555645,own
Tomato,Sub-Saharan Africa,95.86636026300943,100.48448511568,0.1823317233960893,87.91255245556297,108.2559611997304,0.06042857844618238,16.54846143518995,0.7995476919985848,own
Tomato,Brazil,127.2156186673975,123.1212762276069,0.7817742117515794,95.77606375624433,153.7790569270085,0.01409361838992114,70.95409938977319,0.2648926310178155,own
Tomato,China,119.1931787955886,97.5588305892855,1.245075491807648,71.38155933066072,144.1253745624057,0.01069394511489695,93.5108595804343,0.1883773033064183,own
Tomato,India,120.9381844551572,92.85388578365504,0.285677961913701,77.89162973298106,135.6147625439175,0.03797939777210227,26.33006468403111,0.6295137457185669,own
Tomato,United States,57.76064870081481,49.85350257033812,1.100515939422134,47.05436578574034,59.45926954599045,0.009857352433169483,101.4471184610435,0.07163578587411266,own
Okra,Global,113.3821404395383,102.5534332069252,0.1203412448435692,83.66789688924469,132.1473355123753,0.2046811048715934,4.885648827366597,3.305874322484571,own
Peas (green),Global,121.5092604924633,99.53988769460727,0.73620567439816,75.99018657556559,144.3227559371068,0.1236295403185989,8.088681697132863,2.180756841268849,own
Cabbage,Global,112.44786948031,98.4426969473609,0.8037292251751688,77.23656454265792,132.8502726598378,0.02814747813835076,35.52716144177429,0.4570377955448216,own
Cabbage,Central Asia,12.53098424536367,22.2284072437648,0.8189508196721312,25.1726168989101,8.767823770546237,0.0276243093922652,36.2,0.02960284268754101,own
Cabbage,East Asia,127.3165472622893,104.0852555310479,1.167344262295082,76.68980826386651,153.5446502671757,0.01937984496124031,51.6,0.363693185387367,own
Cabbage,Europe,92.77567160759314,95.71949793718304,0.6515409836065574,79.31101228832208,108.5326162728475,0.03472222222222222,28.8,0.4605936647381647,own
Cabbage,Middle East & N. Africa,47.65137667140682,36.27107967879299,0.5406885245901639,40.39644987835244,42.9853179472572,0.04184100417499474,23.90000000520125,0.2198226393849035,own
Cabbage,North America,69.90894035438725,62.41030137543876,0.9280386885245901,55.32423247630765,76.06697056499377,0.02437716347325825,41.022,0.2266362971129127,own
Cabbage,Oceania,112.44786948031,98.4426969473609,0.8037292251751688,77.23656454265792,132.8502726598378,0.02814747813835076,35.52716144177429,0.4570377955448216,set to Global
Cabbage,Russia,44.58444242657811,97.59169535790419,0.8008524590163933,76.119798940243,65.25548638522291,0.02824858757062147,35.4,0.2253014281975681,own
Cabbage,South America,119.9177361824673,114.9324462598281,0.5746229508196721,92.60671540802852,141.6688440834472,0.03937007874015748,25.4,0.6816961001390724,own
Cabbage,South Asia,131.5073092575483,99.73031281715099,0.53476131147541,79.07202066096878,151.630840102255,0.04230476351637194,23.638,0.7840197239495752,own
Cabbage,Sub-Saharan Africa,109.4415816456057,105.154833133916,0.36708,86.38148263367714,127.8478521458446,0.06162948354492789,16.226,0.9630129788982639,own
Cabbage,Brazil,136.7457541876617,125.4606323353308,0.5746229508196721,96.71453179845481,164.9172317737181,0.03937007874015748,25.4,0.7935649822882324,own
Cabbage,China,119.4078892561267,96.97447483462226,0.9175868852459015,71.15724731863253,144.3075298868706,0.02465483234714004,40.56,0.4348517501521961,own
Cabbage,India,131.3767692111189,101.4140551165996,0.5344672131147541,80.57925178233546,151.6771053322683,0.04232804232804233,23.625,0.7846904920187895,own
Cabbage,United States,63.00102092879281,71.88225139644051,1.033506885245902,60.80860858464522,73.0411568553422,0.02188950179493914,45.68400000000001,0.1954131097220432,own
Cucumber - average,Global,112.9638638153007,96.70101412124538,0.3642604427080746,74.27657309449376,135.0240443993442,0.02430587389573678,41.14231828444559,0.4011183484076785,own
Pepper (capsicum) - average,Global,105.1124595371861,90.91286348723796,0.5487656803550947,72.41098466332753,123.0655726807414,0.03780360688086772,26.45250235384541,0.5686171981345292,own
Eggplant - average,Global,121.7268759489399,96.40755277155034,0.6758140628766577,75.31624978526634,142.1423648723472,0.02667635963791937,37.48637421196483,0.4634472144034446,own
Cauliflower and broccoli,Global,120.4975263000073,97.88320319323799,0.9052680964555463,75.82301990425151,141.6524414925382,0.05178024078013747,19.31238605563984,0.8964752533706402,own
Cauliflower and broccoli,Central Asia,120.4975263000073,97.88320319323799,0.9052680964555463,75.82301990425151,141.6524414925382,0.05178024078013747,19.31238605563984,0.8964752533706402,set to Global
Cauliflower and broccoli,East Asia,127.3165472622893,104.0852555310479,0.9,76.68980826386651,153.8119945294707,0.05208333333333334,19.2,0.9791272799908438,own
Cauliflower and broccoli,Europe,92.77567160759314,95.71949793718304,0.80625,79.31101228832208,108.3779072564541,0.05813953488372094,17.2,0.7701272479463791,own
Cauliflower and broccoli,Middle East & N. Africa,120.4975263000073,97.88320319323799,0.9052680964555463,75.82301990425151,141.6524414925382,0.05178024078013747,19.31238605563984,0.8964752533706402,set to Global
Cauliflower and broccoli,North America,69.90894035438725,62.41030137543876,0.91425,55.32423247630765,76.08075925351835,0.05127153404429861,19.504,0.4767616624445709,own
Cauliflower and broccoli,Oceania,120.4975263000073,97.88320319323799,0.9052680964555463,75.82301990425151,141.6524414925382,0.05178024078013747,19.31238605563984,0.8964752533706402,set to Global
Cauliflower and broccoli,Russia,120.4975263000073,97.88320319323799,0.9052680964555463,75.82301990425151,141.6524414925382,0.05178024078013747,19.31238605563984,0.8964752533706402,set to Global
Cauliflower and broccoli,South America,120.4975263000073,97.88320319323799,0.9052680964555463,75.82301990425151,141.6524414925382,0.05178024078013747,19.31238605563984,0.8964752533706402,set to Global
Cauliflower and broccoli,South Asia,131.5073092575483,99.73031281715099,0.9390937500000001,79.07202066096878,151.2265076637304,0.0499151442547669,20.034,0.922593582188632,own
Cauliflower and broccoli,Sub-Saharan Africa,120.4975263000073,97.88320319323799,0.9052680964555463,75.82301990425151,141.6524414925382,0.05178024078013747,19.31238605563984,0.8964752533706402,set to Global
Cauliflower and broccoli,Brazil,120.4975263000073,97.88320319323799,0.9052680964555463,75.82301990425151,141.6524414925382,0.05178024078013747,19.31238605563984,0.8964752533706402,set to Global
Cauliflower and broccoli,China,119.4078892561267,96.97447483462226,1.108125,71.15724731863253,144.1169917721164,0.04230118443316414,23.63999999999999,0.7451057104217341,own
Cauliflower and broccoli,India,131.3767692111189,101.4140551165996,0.9400781250000003,80.57925178233546,151.271494420383,0.04986287708800795,20.05500000000001,0.9219016807247914,own
Cauliflower and broccoli,United States,63.00102092879281,71.88225139644051,0.9720000000000001,60.80860858464522,73.1026637405881,0.04822530864197531,20.736,0.430882041509382,own
Other above-ground vegetables,Global,118.2377751657795,99.38495329229572,0.3347098676617194,76.75015989775827,140.5378586926552,0.06509958561851627,15.36108088091378,1.118205777896222,own
Other above-ground vegetables,Central Asia,118.2377751657795,99.38495329229572,0.3347098676617194,76.75015989775827,140.5378586926552,0.06509958561851627,15.36108088091378,1.118205777896222,set to Global
Other above-ground vegetables,East Asia,127.3165472622893,104.0852555310479,0.3726,76.68980826386651,154.3393945294707,0.05847953216374267,17.1,1.103140571685626,own
Other above-ground vegetables,Europe,92.77567160759314,95.71949793718304,0.3856736842105263,79.31101228832208,108.7984835722436,0.05649717514124294,17.7,0.751276408847884,own
Other above-ground vegetables,Middle East & N. Africa,47.65137667140682,36.27107967879299,0.3551684210526316,40.39644987835244,43.17083805079474,0.06134969323818246,16.3000000035473,0.3237077153751848,own
Other above-ground vegetables,North America,69.90894035438725,62.41030137543876,0.3903366315789474,55.32423247630765,76.60467262193941,0.05582226191805293,17.914,0.5226523010192734,own
Other above-ground vegetables,Oceania,118.2377751657795,99.38495329229572,0.3347098676617194,76.75015989775827,140.5378586926552,0.06509958561851627,15.36108088091378,1.118205777896222,set to Global
Other above-ground vegetables,Russia,118.2377751657795,99.38495329229572,0.3347098676617194,76.75015989775827,140.5378586926552,0.06509958561851627,15.36108088091378,1.118205777896222,set to Global
Other above-ground vegetables,South America,119.9177361824673,114.9324462598281,0.2484,92.60671540802852,141.9950670342669,0.08771929824561404,11.4,1.522364266449255,own
Other above-ground vegetables,South Asia,131.5073092575483,99.73031281715099,0.2910202105263158,79.07202066096878,151.8745812032041,0.07487271638215034,13.356,1.389820965388211,own
Other above-ground vegetables,Sub-Saharan Africa,109.4415816456057,105.154833133916,0.20286,86.38148263367714,128.0120721458446,0.1074113856068743,9.31,1.680549938661285,own
Other above-ground vegetables,Brazil,119.9177361824673,114.9324462598281,0.2484,92.60671540802852,141.9950670342669,0.08771929824561404,11.4,1.522364266449255,set to region
Other above-ground vegetables,China,119.4078892561267,96.97447483462226,0.4471200000000001,71.15724731863253,144.7779967721164,0.04873294346978557,20.52,0.8623337472889758,own
Other above-ground vegetables,India,131.3767692111189,101.4140551165996,0.30429,80.57925178233546,151.907282545383,0.07160759040458288,13.965,1.329498434975704,own
Other above-ground vegetables,United States,63.00102092879281,71.88225139644051,0.4894787368421053,60.80860858464522,73.585185003746,0.04451566951566951,22.464,0.4003625727293081,own
Onion,Global,94.42795818464855,86.20966443573948,0.09178810820583785,72.63521751862396,107.9106169935582,0.04947990284960019,20.21022561502625,0.6525941699788714,own
Onion,Central Asia,13.1197297669862,23.10223893503531,0.1298916666666667,25.49070238951938,10.60137464583546,0.03496503496503496,28.6,0.0453050198539977,own
Onion,East Asia,130.8097206788828,104.6833598211776,0.09265,77.1499185903735,158.2505119096869,0.04901960784313726,20.4,0.9481239820297147,own
Onion,Europe,88.84055476576818,94.75467118924902,0.128075,76.37753046601568,107.0896204890015,0.03546099290780142,28.2,0.4641394111028436,own
Onion,Middle East & N. Africa,35.23561471649905,25.36514322116641,0.1267125,33.04038806772942,27.43365736993605,0.03584229389900983,27.90000000607176,0.1201793034661982,own
Onion,North America,48.23328240090392,59.29066984363343,0.2166375,55.4165123691027,51.89080237543465,0.02096436058700209,47.7,0.1329603601513583,own
Onion,Oceania,94.42795818464855,86.20966443573948,0.09178810820583785,72.63521751862396,107.9106169935582,0.04947990284960019,20.21022561502625,0.6525941699788714,set to Global
Onion,Russia,39.03535791052728,94.57761578247434,0.12535,74.76686241074927,58.72076128225234,0.03623188405797102,27.6,0.2600355773368662,own
Onion,South America,120.8252766187129,116.5161529068174,0.1162666666666667,95.32108188643043,141.9040809724332,0.0390625,25.6,0.677493442142693,own
Onion,South Asia,89.22560501701463,72.00262877871768,0.07847091666666667,69.27088647497516,91.87887640409048,0.0578770691052205,17.278,0.6499386763160572,own
Onion,Sub-Saharan Africa,70.73883578076558,99.70031588928403,0.06221629166666667,85.70076163771454,84.67617374066843,0.07299802905321555,13.699,0.7554792411022319,own
Onion,Brazil,127.3022447627326,121.0778923264342,0.1417,92.07440282319845,156.1640342659683,0.03205128205128206,31.19999999999999,0.6117536954863432,own
Onion,China,119.3009177389712,97.43573653595874,0.1199,71.44218896857171,145.1745653063582,0.03787878787878787,26.40000000000001,0.6721044690109176,own
Onion,India,88.72726273623333,74.752495180441,0.08345312499999999,73.18165153121646,90.21465326045785,0.05442176870748301,18.37499999999999,0.6000672325714508,own
Onion,United States,43.36940411861166,54.64189887656423,0.303129,50.43723239425996,47.27094160091593,0.01498262016061369,66.744,0.08656297987835364,own
Carrot,Global,101.2838182514939,90.88922488754487,0.2001648857740209,71.26724458501103,120.7056336682537,0.02810183200471503,35.58486862465822,0.4145838203671925,own
Carrot,Central Asia,12.53098424536367,22.2284072437648,0.2553750000000001,25.1726168989101,9.331399590218368,0.02202643171806168,45.4,0.02512124216652032,own
Carrot,East Asia,127.3165472622893,104.0852555310479,0.205875,76.68980826386651,154.5061195294707,0.0273224043715847,36.60000000000001,0.5159585048039398,own
Carrot,Europe,92.77567160759314,95.71949793718304,0.205875,79.31101228832208,108.9782822564541,0.0273224043715847,36.60000000000001,0.3639226183427429,own
Carrot,Middle East & N. Africa,47.65137667140682,36.27107967879299,0.1614375,40.39644987835244,43.36456897184736,0.03484320556733012,28.70000000624585,0.1846729611252464,own
Carrot,North America,69.90894035438725,62.41030137543876,0.2730825000000001,55.32423247630765,76.72192675351837,0.02059817088242564,48.54799999999999,0.1931516103853007,own
Carrot,Oceania,101.2838182514939,90.88922488754487,0.2001648857740209,71.26724458501103,120.7056336682537,0.02810183200471503,35.58486862465822,0.4145838203671925,set to Global
Carrot,Russia,44.58444242657811,97.59169535790419,0.1659375,76.119798940243,65.8904013442393,0.03389830508474576,29.5,0.272992246623967,own
Carrot,South America,119.9177361824673,114.9324462598281,0.1321875,92.60671540802852,142.1112795342669,0.0425531914893617,23.5,0.739113037766873,own
Carrot,South Asia,101.2838182514939,90.88922488754487,0.2001648857740209,71.26724458501103,120.7056336682537,0.02810183200471503,35.58486862465822,0.4145838203671925,set to Global
Carrot,Sub-Saharan Africa,109.4415816456057,105.154833133916,0.1107225,86.38148263367714,128.1042096458446,0.05080268238162974,19.684,0.7954268024251451,own
Carrot,Brazil,136.7457541876617,125.4606323353308,0.1321875,96.71453179845481,165.3596672245378,0.0425531914893617,23.5,0.8600266380472413,own
Carrot,China,119.4078892561267,96.97447483462226,0.3287250000000001,71.15724731863253,144.8963917721165,0.01711156741957563,58.44,0.3030383127031107,own
Carrot,India,101.2838182514939,90.88922488754487,0.2001648857740209,71.26724458501103,120.7056336682537,0.02810183200471503,35.58486862465822,0.4145838203671925,set to Global
Carrot,United States,63.00102092879281,71.88225139644051,0.3159,60.80860858464522,73.75876374058811,0.01780626780626781,56.15999999999999,0.160522792249618,own
Other below-ground vegetables,Global,123.8279953554859,102.4474695466622,0.07120566196527224,76.34158525398401,149.8626739861988,0.0789965271376029,12.65878433184936,1.446943763523437,own
Other below-ground vegetables,Central Asia,123.8279953554859,102.4474695466622,0.07120566196527224,76.34158525398401,149.8626739861988,0.0789965271376029,12.65878433184936,1.446943763523437,set to Global
Other below-ground vegetables,East Asia,127.3165472622893,104.0852555310479,0.06918750000000003,76.68980826386651,154.6428070294707,0.08130081300813008,12.3,1.536649392343431,own
Other below-ground vegetables,Europe,92.77567160759314,95.71949793718304,0.158625,79.31101228832208,109.0255322564541,0.03546099290780142,28.2,0.4725298876363259,own
Other below-ground vegetables,Middle East & N. Africa,123.8279953554859,102.4474695466622,0.07120566196527224,76.34158525398401,149.8626739861988,0.0789965271376029,12.65878433184936,1.446943763523437,set to Global
Other below-ground vegetables,North America,123.8279953554859,102.4474695466622,0.07120566196527224,76.34158525398401,149.8626739861988,0.0789965271376029,12.65878433184936,1.446943763523437,set to Global
Other below-ground vegetables,Oceania,123.8279953554859,102.4474695466622,0.07120566196527224,76.34158525398401,149.8626739861988,0.0789965271376029,12.65878433184936,1.446943763523437,set to Global
Other below-ground vegetables,Russia,123.8279953554859,102.4474695466622,0.07120566196527224,76.34158525398401,149.8626739861988,0.0789965271376029,12.65878433184936,1.446943763523437,set to Global
Other below-ground vegetables,South America,123.8279953554859,102.4474695466622,0.07120566196527224,76.34158525398401,149.8626739861988,0.0789965271376029,12.65878433184936,1.446943763523437,set to Global
Other below-ground vegetables,South Asia,123.8279953554859,102.4474695466622,0.07120566196527224,76.34158525398401,149.8626739861988,0.0789965271376029,12.65878433184936,1.446943763523437,set to Global
Other below-ground vegetables,Sub-Saharan Africa,123.8279953554859,102.4474695466622,0.07120566196527224,76.34158525398401,149.8626739861988,0.0789965271376029,12.65878433184936,1.446943763523437,set to Global
Other below-ground vegetables,Brazil,123.8279953554859,102.4474695466622,0.07120566196527224,76.34158525398401,149.8626739861988,0.0789965271376029,12.65878433184936,1.446943763523437,set to Global
Other below-ground vegetables,China,123.8279953554859,102.4474695466622,0.07120566196527224,76.34158525398401,149.8626739861988,0.0789965271376029,12.65878433184936,1.446943763523437,set to Global
Other below-ground vegetables,India,123.8279953554859,102.4474695466622,0.07120566196527224,76.34158525398401,149.8626739861988,0.0789965271376029,12.65878433184936,1.446943763523437,set to Global
Other below-ground vegetables,United States,123.8279953554859,102.4474695466622,0.07120566196527224,76.34158525398401,149.8626739861988,0.0789965271376029,12.65878433184936,1.446943763523437,set to Global
Grape,Global,72.11164650883734,72.09038259460353,9.986212339659877,72.05270204656898,62.16311471721198,0.09021754864953993,11.08431801760222,0.6854471343141894,own
Grape,Central Asia,13.39184849085748,24.60152761161762,10.335,23.4381661735543,4.220209928920799,0.08403361344537816,11.9,0.04334482653420055,own
Grape,East Asia,83.4173707779787,94.0223331347464,13.9125,73.69783879056045,89.82936512216467,0.05464480874316939,18.3,0.5999532582536802,own
Grape,Europe,84.84292880828798,87.44725000768042,8.3475,92.23604593461681,71.7066328813516,0.1259445843828715,7.94,1.103796475923408,own
Grape,Middle East & N. Africa,55.11465622034516,45.42854799987681,9.1425,46.1303851796626,45.27031904055937,0.1063829787234041,9.40000000000001,0.5886211695581001,own
Grape,North America,59.51713028340662,31.88006210858065,12.72,32.03304030272697,46.64415208926029,0.05988023952095808,16.7,0.3413743665880659,own
Grape,Oceania,53.23268343535762,48.9714015452959,10.7325,48.23064577683159,43.24093920382192,0.08130081300813007,12.3,0.4296750959729368,own
Grape,Russia,72.11164650883734,72.09038259460353,9.986212339659877,72.05270204656898,62.16311471721198,0.09021754864953993,11.08431801760222,0.6854471343141894,set to Global
Grape,South America,62.5930483278463,58.13374573022219,11.13,54.02632162966166,55.57047242840684,0.07518796992481201,13.3,0.5106726789577903,own
Grape,South Asia,73.29198703855069,66.95624254214643,13.9125,76.1314577038056,50.20427187689153,0.05102040816326529,19.6,0.3130651874409335,own
Grape,Sub-Saharan Africa,38.82058382253535,42.16547385403619,13.515,48.21986754333518,19.25119013323636,0.05586592178770951,17.9,0.1314482256148976,own
Grape,Brazil,137.0887840389778,110.3827869792438,13.9125,88.76437442528602,144.7946965929356,0.05081300813008131,19.68,0.8992443894096045,own
Grape,China,79.91573246755144,88.92123324859988,14.11125,70.12552229356818,84.60019342258313,0.05376344086021505,18.6,0.5559152494912869,own
Grape,India,86.74328872899366,80.79789584546862,14.7075,91.48439731792911,61.34928725653316,0.04694835680751173,21.3,0.3520303389785418,own
Grape,United States,61.50347362539728,31.79229781177697,12.72,31.4436444983314,49.13212693884284,0.05847953216374269,17.1,0.351171797483607,own
Mango,Global,119.5999840640623,93.05097225141735,19.95301995103574,82.39958761668542,110.2983487477585,0.1037789632191839,9.635864234719456,1.399034789512597,own
Mango,Central Asia,119.5999840640623,93.05097225141735,19.95301995103574,82.39958761668542,110.2983487477585,0.1037789632191839,9.635864234719456,1.399034789512597,set to Global
Mango,East Asia,143.5978617116158,102.6405998364164,20.25,81.50497916982478,144.4834823782074,0.1052631578947368,9.5,1.858851820070505,own
Mango,Europe,119.5999840640623,93.05097225141735,19.95301995103574,82.39958761668542,110.2983487477585,0.1037789632191839,9.635864234719456,1.399034789512597,set to Global
Mango,Middle East & N. Africa,119.5999840640623,93.05097225141735,19.95301995103574,82.39958761668542,110.2983487477585,0.1037789632191839,9.635864234719456,1.399034789512597,set to Global
Mango,North America,83.04405000475997,50.49762297449809,20.25,52.98646408900041,60.30520889025766,0.09259259259259257,10.8,0.6824663557539447,own
Mango,Oceania,119.5999840640623,93.05097225141735,19.95301995103574,82.39958761668542,110.2983487477585,0.1037789632191839,9.635864234719456,1.399034789512597,set to Global
Mango,Russia,119.5999840640623,93.05097225141735,19.95301995103574,82.39958761668542,110.2983487477585,0.1037789632191839,9.635864234719456,1.399034789512597,set to Global
Mango,South America,143.7100617152818,132.1895233357776,22.275,110.7805174241653,142.844067626894,0.07751937984496124,12.9,1.35338909896282,own
Mango,South Asia,113.8445988647488,86.92680779915416,20.25,81.89583759576676,98.62556906813624,0.1030927835051546,9.7,1.242704764890606,own
Mango,Sub-Saharan Africa,116.4582801464281,99.92881876183944,18.225,83.1214634846921,115.0406354235754,0.1190476190476191,8.399999999999999,1.673871679443558,own
Mango,Brazil,138.040054421419,126.5175504703423,26.325,102.1790913487122,136.0535135430491,0.04926108374384236,20.3,0.8191508751907717,own
Mango,China,121.4441650091989,92.94083237040176,22.275,73.42565992862093,118.6843374509798,0.07782101167315175,12.85,1.128860970134697,own
Mango,India,121.3318781768685,96.14175206552672,19.845,91.4238428216461,106.2047874207491,0.1060445387062566,9.43,1.376520162163592,own
Mango,United States,83.04405000475997,50.49762297449809,20.25,52.98646408900041,60.30520889025766,0.09259259259259257,10.8,0.6824663557539447,set to region
Plantain,Global,144.5946265215262,137.7152321543453,3.804930403836657,113.4258634197486,165.0790648522863,0.1417234385585522,7.055995890100111,2.859458886153986,own
Banana,Global,130.4224127930729,124.3743845778892,6.136401502770269,105.5702401716054,143.0901556965864,0.04556416477221113,21.94707189299527,0.7968624193982966,own
Banana,Central Asia,130.4224127930729,124.3743845778892,6.136401502770269,105.5702401716054,143.0901556965864,0.04556416477221113,21.94707189299527,0.7968624193982966,set to Global
Banana,East Asia,175.0695383978318,129.0779591080148,8.258823529411766,103.5941622951559,192.2945116812789,0.03289473684210527,30.4,0.7731138993033876,own
Banana,Europe,130.4224127930729,124.3743845778892,6.136401502770269,105.5702401716054,143.0901556965864,0.04556416477221113,21.94707189299527,0.7968624193982966,set to Global
Banana,Middle East & N. Africa,33.7227390644934,18.90869484731486,6.141176470588235,26.06527903483102,20.42497840638901,0.04347826086956519,23.00000000000001,0.1085385325943376,own
Banana,North America,124.2140461110882,122.5879895477591,8.047058823529412,98.18872217119912,140.5662546641187,0.03333333333333333,30.00000000000001,0.5726773338167799,own
Banana,Oceania,130.4224127930729,124.3743845778892,6.136401502770269,105.5702401716054,143.0901556965864,0.04556416477221113,21.94707189299527,0.7968624193982966,set to Global
Banana,Russia,130.4224127930729,124.3743845778892,6.136401502770269,105.5702401716054,143.0901556965864,0.04556416477221113,21.94707189299527,0.7968624193982966,set to Global
Banana,South America,137.6776762064902,137.2169734481074,6.564705882352941,116.0153112879383,152.3146324843063,0.04081632653061225,24.5,0.7598462391507346,own
Banana,South Asia,127.7357814043141,105.4347427170181,8.894117647058822,94.89999165147033,129.376414822803,0.03039513677811551,32.9,0.4806283563157153,own
Banana,Sub-Saharan Africa,108.2673336969422,127.6491882576377,3.388235294117647,109.0215637937797,123.5067228666826,0.09523809523809523,10.5,1.437644393157151,own
Banana,Brazil,132.2064905907961,125.7946792051408,3.854117647058823,101.5607232081864,152.5863289406916,0.06896551724137931,14.5,1.286168289921538,own
Banana,China,158.7460925856128,93.13096424894881,8.470588235294118,74.47425722824816,168.9322113710194,0.03144654088050314,31.8,0.6492852288893128,own
Banana,India,128.8770742233439,109.5027362107902,9.317647058823528,99.0325469379191,130.0296164373914,0.02857142857142857,35.0,0.4540716764480335,own
Banana,United States,124.2140461110882,122.5879895477591,8.047058823529412,98.18872217119912,140.5662546641187,0.03333333333333333,30.00000000000001,0.5726773338167799,set to region
Apple,Global,80.78582150000922,81.81626594453631,9.312397087712178,71.34843679686844,81.9412535599649,0.05581331546086155,17.91687148026959,0.5589727041800935,own
Apple,Central Asia,16.61601490581646,34.87206133261173,5.805,32.65324549221361,13.02983074621458,0.1162790697674419,8.6,0.1851784731374165,own
Apple,East Asia,92.38165204782132,95.17729909997587,10.062,75.7245877875852,101.772363360212,0.05000000000000001,20.0,0.621942220534629,own
Apple,Europe,89.94052873053835,91.35733939449617,9.675,88.98586499586048,82.63700312917402,0.05181347150259067,19.3,0.5233201119291387,own
Apple,Middle East & N. Africa,52.00134468604983,40.67350098977185,8.126999999999999,46.11041473392108,38.43743094190061,0.06756756756756753,14.80000000000001,0.317426231502182,own
Apple,North America,87.27380767019973,78.92826302478153,13.545,69.88663923370628,82.77043146127498,0.03164556962025317,31.6,0.3201387996040875,own
Apple,Oceania,80.78582150000922,81.81626594453631,9.312397087712178,71.34843679686844,81.9412535599649,0.05581331546086155,17.91687148026959,0.5589727041800935,set to Global
Apple,Russia,54.27604595385455,63.77710620189652,6.192,48.70596913181712,63.15518302393394,0.1123595505617978,8.899999999999999,0.8672996420265586,own
Apple,South America,81.16291415798781,68.23656849816638,13.545,62.4571662459817,73.39731641017246,0.03424657534246577,29.19999999999999,0.3072185998903719,own
Apple,South Asia,85.74505060379738,85.5043018596503,6.192,80.03908073558732,85.01827172786035,0.1315789473684211,7.599999999999999,1.367252907904187,own
Apple,Sub-Saharan Africa,71.98547389030334,78.8366127485658,12.771,66.7630397266188,71.28804691225035,0.03546099290780142,28.2,0.3089710465069953,own
Apple,Brazil,116.994083224272,113.164792384982,14.706,91.56164166030187,123.8912339489521,0.02777777777777778,36.0,0.4206183868637263,own
Apple,China,81.4096322563544,87.66073435201388,10.062,69.89553724944575,89.1128293589225,0.04926108374384237,20.3,0.5365304449634086,own
Apple,India,94.30672897431803,97.4009819987368,6.192,92.23282970517005,93.28288126788476,0.1259445843828715,7.94,1.43592456471695,own
Apple,United States,79.93130653261284,75.3008988395364,15.48,67.32767354408784,72.42453182806139,0.025,40.0,0.2212971805857431,own
Orange,Global,109.3472939444528,96.95653794946362,13.20158036314857,85.36781520691437,107.7344363238535,0.05255205105206474,19.02875301687603,0.691981350836914,own
Orange,Central Asia,109.3472939444528,96.95653794946362,13.20158036314857,85.36781520691437,107.7344363238535,0.05255205105206474,19.02875301687603,0.691981350836914,set to Global
Orange,East Asia,148.176478107081,120.6043661958509,12.9735,95.27278269273768,160.5345616101943,0.05319148936170211,18.8,1.043664407631287,own
Orange,Europe,71.13442898072645,76.85698944049655,15.066,99.8750750567743,33.05034336444868,0.04366812227074236,22.9,0.1763967865157378,own
Orange,Middle East & N. Africa,38.31247884604097,38.8367955976241,13.8105,49.5680630754885,13.77071136817657,0.04878048780487802,20.50000000000001,0.08210180219509061,own
Orange,North America,113.7253001536422,98.07717060385107,12.555,85.04401481746866,114.2034559400246,0.05780346820809247,17.3,0.8068323797946502,own
Orange,Oceania,109.3472939444528,96.95653794946362,13.20158036314857,85.36781520691437,107.7344363238535,0.05255205105206474,19.02875301687603,0.691981350836914,set to Global
Orange,Russia,109.3472939444528,96.95653794946362,13.20158036314857,85.36781520691437,107.7344363238535,0.05255205105206474,19.02875301687603,0.691981350836914,set to Global
Orange,South America,135.5037926039233,132.9057549767833,15.066,110.6099298520858,142.7336177286208,0.04255319148936171,23.49999999999999,0.7423497848769879,own
Orange,South Asia,104.2253778632514,80.2882239622176,10.4625,71.14569266174914,102.9054091637199,0.07812499999999999,12.8,0.9826037333341304,own
Orange,Sub-Saharan Africa,70.7305050768214,67.13451109248658,13.8105,59.29371188756125,64.76080428174672,0.0505050505050505,19.8,0.3997580511218933,own
Orange,Brazil,140.0458973763184,137.6507235209224,15.903,111.9779381347919,149.8156827624488,0.03584229390681003,27.9,0.6563012785292458,own
Orange,China,145.6415223406825,101.6766071375019,12.555,80.00552439227769,154.7576050859068,0.05714285714285714,17.5,1.080846765679349,own
Orange,India,115.6979817119172,91.29041033108057,10.4625,81.77822111435151,114.7476709286463,0.0759301442672741,13.17,1.064898658748932,own
Orange,United States,94.29104891116577,74.85641674203085,14.229,63.2481804979727,91.67028515522392,0.04608294930875576,21.7,0.5163200904800118,own
Other temperate fruits,Global,80.52855173504862,80.71954510905763,6.810649128857569,69.64621771542176,84.79122999982695,0.07352345669898314,13.60110153816844,0.761950973342264,own
Other temperate fruits,Central Asia,16.61601490581646,34.87206133261173,9.288,32.65324549221361,9.546830746214575,0.06711409395973154,14.9,0.07831106503233433,own
Other temperate fruits,East Asia,92.38165204782132,95.17729909997587,7.5465,75.7245877875852,104.287863360212,0.06622516556291391,15.1,0.8441254576617602,own
Other temperate fruits,Europe,91.45495656609219,92.5027755557152,6.579000000000001,88.10494021060796,89.27379191119942,0.07575757575757577,13.2,0.8266091843629578,own
Other temperate fruits,Middle East & N. Africa,52.00134468604983,40.67350098977185,5.9985,46.11041473392108,40.56593094190061,0.08196721311475405,12.20000000000001,0.4063982152649421,own
Other temperate fruits,North America,69.8120710347551,60.52853653784568,8.901,53.47132712994463,67.96828044265615,0.05494505494505495,18.2,0.4564414437541012,own
Other temperate fruits,Oceania,80.52855173504862,80.71954510905763,6.810649128857569,69.64621771542176,84.79122999982695,0.07352345669898314,13.60110153816844,0.761950973342264,set to Global
Other temperate fruits,Russia,80.52855173504862,80.71954510905763,6.810649128857569,69.64621771542176,84.79122999982695,0.07352345669898314,13.60110153816844,0.761950973342264,set to Global
Other temperate fruits,South America,81.16291415798781,68.23656849816638,8.126999999999999,62.4571662459817,78.81531641017247,0.06172839506172841,16.2,0.5946285874567196,own
Other temperate fruits,South Asia,85.74505060379738,85.5043018596503,5.031,80.03908073558732,86.17927172786035,0.09900990099009901,10.1,1.042873475254636,own
Other temperate fruits,Sub-Saharan Africa,71.98547389030334,78.8366127485658,4.4505,66.7630397266188,79.60854691225033,0.1111111111111111,9.0,1.081103723499696,own
Other temperate fruits,Brazil,116.994083224272,113.164792384982,11.223,91.56164166030187,127.3742339489521,0.04424778761061946,22.6,0.6888478728802718,own
Other temperate fruits,China,81.4096322563544,87.66073435201388,8.3205,69.89553724944575,90.8543293589225,0.05917159763313611,16.9,0.6570661557844495,own
Other temperate fruits,India,94.30672897431803,97.4009819987368,5.2245,92.23282970517005,94.25038126788476,0.09345794392523363,10.7,1.076587948023606,own
Other temperate fruits,United States,66.74182322224253,49.86360122839586,11.8035,46.04347203248456,58.75845241815384,0.04098360655737705,24.4,0.294327402823175,own
Other tropical fruits,Global,131.869802803028,99.67204231421414,7.56984672724806,82.35987150815419,141.6121268818399,0.08583679166467154,11.65001604331371,1.485675966175809,own
Other tropical fruits,Central Asia,131.869802803028,99.67204231421414,7.56984672724806,82.35987150815419,141.6121268818399,0.08583679166467154,11.65001604331371,1.485675966175809,set to Global
Other tropical fruits,East Asia,143.5978617116158,102.6405998364164,5.265000000000001,81.50497916982478,159.4684823782075,0.1298701298701299,7.700000000000001,2.531245752035039,own
Other tropical fruits,Europe,131.869802803028,99.67204231421414,7.56984672724806,82.35987150815419,141.6121268818399,0.08583679166467154,11.65001604331371,1.485675966175809,set to Global
Other tropical fruits,Middle East & N. Africa,37.33923627550585,25.43557629989376,8.91,30.18373325283677,23.68107932256286,0.07692307692307684,13.00000000000001,0.2226426261095651,own
Other tropical fruits,North America,110.4971289992664,94.47881236314352,15.795,77.93600964021685,111.2449317221931,0.03521126760563381,28.39999999999999,0.4787536185227405,own
Other tropical fruits,Oceania,131.869802803028,99.67204231421414,7.56984672724806,82.35987150815419,141.6121268818399,0.08583679166467154,11.65001604331371,1.485675966175809,set to Global
Other tropical fruits,Russia,131.869802803028,99.67204231421414,7.56984672724806,82.35987150815419,141.6121268818399,0.08583679166467154,11.65001604331371,1.485675966175809,set to Global
Other tropical fruits,South America,143.7100617152818,132.1895233357776,16.605,110.7805174241653,148.514067626894,0.03311258278145696,30.2,0.6010503104841186,own
Other tropical fruits,South Asia,113.8445988647488,86.92680779915416,11.34,81.89583759576676,107.5355690681362,0.0591715976331361,16.9,0.7777062851738978,own
Other tropical fruits,Sub-Saharan Africa,116.4582801464281,99.92881876183944,7.0875,83.1214634846921,126.1781354235754,0.0970873786407767,10.3,1.497259427895717,own
Other tropical fruits,Brazil,138.040054421419,126.5175504703423,16.605,102.1790913487122,145.7735135430491,0.03322259136212624,30.1,0.591919028783145,own
Other tropical fruits,China,121.4441650091989,92.94083237040176,3.078,73.42565992862093,137.8813374509797,0.2197802197802197,4.550000000000001,3.703772190380407,own
Other tropical fruits,India,121.3318781768685,96.14175206552672,13.365,91.4238428216461,112.6847874207491,0.05128205128205128,19.5,0.7062864168821882,own
Other tropical fruits,United States,110.4971289992664,94.47881236314352,15.795,77.93600964021685,111.2449317221931,0.03521126760563381,28.39999999999999,0.4787536185227405,set to region
Cocoa,Global,135.7460706919815,125.8213967348265,12.71560020894472,103.6792805539955,145.1725866638678,2.249463520487902,0.4445504409794132,39.91294240697367,own
Cocoa,Central Asia,135.7460706919815,125.8213967348265,12.71560020894472,103.6792805539955,145.1725866638678,2.249463520487902,0.4445504409794132,39.91294240697367,set to Global
Cocoa,East Asia,212.3269541317278,187.5416690606175,12.34038461538462,150.1153800425249,237.4128585344358,2.380952380952381,0.42,69.08839798621148,own
Cocoa,Europe,135.7460706919815,125.8213967348265,12.71560020894472,103.6792805539955,145.1725866638678,2.249463520487902,0.4445504409794132,39.91294240697367,set to Global
Cocoa,Middle East & N. Africa,135.7460706919815,125.8213967348265,12.71560020894472,103.6792805539955,145.1725866638678,2.249463520487902,0.4445504409794132,39.91294240697367,set to Global
Cocoa,North America,135.7460706919815,125.8213967348265,12.71560020894472,103.6792805539955,145.1725866638678,2.249463520487902,0.4445504409794132,39.91294240697367,set to Global
Cocoa,Oceania,135.7460706919815,125.8213967348265,12.71560020894472,103.6792805539955,145.1725866638678,2.249463520487902,0.4445504409794132,39.91294240697367,set to Global
Cocoa,Russia,135.7460706919815,125.8213967348265,12.71560020894472,103.6792805539955,145.1725866638678,2.249463520487902,0.4445504409794132,39.91294240697367,set to Global
Cocoa,South America,150.2087668031988,148.9591712706847,13.13653846153846,121.9363131230212,164.0950864893238,2.0,0.5,40.11213225294581,own
Cocoa,South Asia,135.7460706919815,125.8213967348265,12.71560020894472,103.6792805539955,145.1725866638678,2.249463520487902,0.4445504409794132,39.91294240697367,set to Global
Cocoa,Sub-Saharan Africa,121.446197938233,112.5172128727675,12.73846153846154,93.48765525177885,127.7372940207602,2.272727272727272,0.4400000000000001,35.48258167243339,own
Cocoa,Brazil,121.0623204985544,136.7972812915515,11.94230769230769,110.5654321385614,135.3518619592368,2.564102564102564,0.39,42.41796243736766,own
Cocoa,China,135.7460706919815,125.8213967348265,12.71560020894472,103.6792805539955,145.1725866638678,2.249463520487902,0.4445504409794132,39.91294240697367,set to Global
Cocoa,India,135.7460706919815,125.8213967348265,12.71560020894472,103.6792805539955,145.1725866638678,2.249463520487902,0.4445504409794132,39.91294240697367,set to Global
Cocoa,United States,135.7460706919815,125.8213967348265,12.71560020894472,103.6792805539955,145.1725866638678,2.249463520487902,0.4445504409794132,39.91294240697367,set to Global
Coffee,Global,131.5986965190492,146.2564754754037,9.965885520891678,120.1459560661338,147.7433304074274,1.095733651544726,0.9126305453795603,19.7862303122867,own
Coffee,Central Asia,131.5986965190492,146.2564754754037,9.965885520891678,120.1459560661338,147.7433304074274,1.095733651544726,0.9126305453795603,19.7862303122867,set to Global
Coffee,East Asia,61.5417956659493,164.2899724151112,11.14615384615385,131.5305322803347,83.15508195457201,0.8474576271186439,1.18,8.613049919965084,own
Coffee,Europe,131.5986965190492,146.2564754754037,9.965885520891678,120.1459560661338,147.7433304074274,1.095733651544726,0.9126305453795603,19.7862303122867,set to Global
Coffee,Middle East & N. Africa,131.5986965190492,146.2564754754037,9.965885520891678,120.1459560661338,147.7433304074274,1.095733651544726,0.9126305453795603,19.7862303122867,set to Global
Coffee,North America,138.3385500398828,135.1241383102593,5.971153846153847,110.1530836123325,157.3384508916558,4.0,0.25,76.9210204359206,own
Coffee,Oceania,131.5986965190492,146.2564754754037,9.965885520891678,120.1459560661338,147.7433304074274,1.095733651544726,0.9126305453795603,19.7862303122867,set to Global
Coffee,Russia,131.5986965190492,146.2564754754037,9.965885520891678,120.1459560661338,147.7433304074274,1.095733651544726,0.9126305453795603,19.7862303122867,set to Global
Coffee,South America,138.4250987328626,148.5258622482615,11.14615384615385,122.01736691489,153.7874402200804,0.8547008547008549,1.17,16.06516469535503,own
Coffee,South Asia,74.04779836028797,121.1111050492155,9.553846153846155,106.5651998827122,79.03985737294518,1.333333333333333,0.75,12.88056934966514,own
Coffee,Sub-Saharan Africa,188.5651413663292,135.3201125294608,7.961538461538463,113.1956515720102,202.7280638622413,2.325581395348837,0.43,57.62296388849236,own
Coffee,Brazil,109.5567061150945,132.3836002085516,13.13653846153846,107.9295050124698,120.8742628496378,0.6097560975609757,1.64,9.008244521314476,own
Coffee,China,183.0756304786186,92.48913933557589,9.951923076923078,73.9077690219488,191.7050777153225,1.030927835051547,0.9699999999999999,24.15527897902117,own
Coffee,India,120.5552712049599,119.0989648925443,9.553846153846155,105.2341715803565,124.8662183633015,1.31578947368421,0.7600000000000001,20.08082459058943,own
Coffee,United States,138.3385500398828,135.1241383102593,5.971153846153847,110.1530836123325,157.3384508916558,4.0,0.25,76.9210204359206,set to region
Tea,Global,140.3518015474241,115.7405070364676,7.756929638587867,92.88466492466715,155.4507140206367,0.7598221448119682,1.316097466792664,14.43626493707592,own
Tea,Central Asia,140.3518015474241,115.7405070364676,7.756929638587867,92.88466492466715,155.4507140206367,0.7598221448119682,1.316097466792664,14.43626493707592,set to Global
Tea,East Asia,136.5940432568136,105.5280400798749,6.026785714285714,82.93904929203272,153.1562483303701,0.9900990099009904,1.01,18.53375942391718,own
Tea,Europe,140.3518015474241,115.7405070364676,7.756929638587867,92.88466492466715,155.4507140206367,0.7598221448119682,1.316097466792664,14.43626493707592,set to Global
Tea,Middle East & N. Africa,81.00648864467038,77.64300928262327,16.07142857142857,71.77904329602008,70.79902605984499,0.280112044817927,3.570000000000003,2.423869550757218,own
Tea,North America,140.3518015474241,115.7405070364676,7.756929638587867,92.88466492466715,155.4507140206367,0.7598221448119682,1.316097466792664,14.43626493707592,set to Global
Tea,Oceania,140.3518015474241,115.7405070364676,7.756929638587867,92.88466492466715,155.4507140206367,0.7598221448119682,1.316097466792664,14.43626493707592,set to Global
Tea,Russia,140.3518015474241,115.7405070364676,7.756929638587867,92.88466492466715,155.4507140206367,0.7598221448119682,1.316097466792664,14.43626493707592,set to Global
Tea,South America,170.4648926350699,120.961306152939,8.035714285714286,97.73244758742732,185.6580369148674,0.4901960784313725,2.04,11.12330286526983,own
Tea,South Asia,165.0134781840435,142.4636628216215,12.05357142857143,118.4055167138417,177.0180528632519,0.5208333333333333,1.92,11.268510309582,own
Tea,Sub-Saharan Africa,127.6779097668262,147.1575058226399,10.04464285714286,120.6475222565823,144.143250475741,0.5555555555555556,1.8,9.787504661933033,own
Tea,Brazil,170.4648926350699,120.961306152939,8.035714285714286,97.73244758742732,185.6580369148674,0.4901960784313725,2.04,11.12330286526983,set to region
Tea,China,133.6430894925694,98.36139506083974,6.026785714285714,77.08593271980831,148.8917661193151,1.111111111111111,0.8999999999999999,20.21986947299341,own
Tea,India,143.961049194075,115.6386949223091,12.05357142857143,98.6390714977813,148.9071011900313,0.462962962962963,2.16,8.425813338942099,own
Tea,United States,140.3518015474241,115.7405070364676,7.756929638587867,92.88466492466715,155.4507140206367,0.7598221448119682,1.316097466792664,14.43626493707592,set to Global
Cereal products,Global,,,,,,,,,no value
Wheat flour,Global,,,,,69.25873307058464,0.293876444081333,3.402790594959155,2.487651246221978,own
Maize flour,Global,,,,,115.0294598597573,0.2338903210056738,4.27550826259177,3.288300557875412,own
Rice (white),Global,,,,,159.6136725086328,0.2319312201294621,4.311623072744619,4.524592577299861,own
Rice (white),Central Asia,,,,,159.6136725086328,0.2319312201294621,4.311623072744619,4.524592577299861,set to Global
Rice (white),East Asia,,,,,178.9540246421639,0.1795309417573591,5.570070485964069,3.926729225867228,own
Rice (white),Europe,,,,,159.6136725086328,0.2319312201294621,4.311623072744619,4.524592577299861,set to Global
Rice (white),Middle East & N. Africa,,,,,159.6136725086328,0.2319312201294621,4.311623072744619,4.524592577299861,set to Global
Rice (white),North America,,,,,126.1231581234563,0.1785462751229004,5.600788923273033,2.752300233183074,own
Rice (white),Oceania,,,,,159.6136725086328,0.2319312201294621,4.311623072744619,4.524592577299861,set to Global
Rice (white),Russia,,,,,159.6136725086328,0.2319312201294621,4.311623072744619,4.524592577299861,set to Global
Rice (white),South America,,,,,149.8300623719728,0.2255315993958893,4.433968466851686,4.130061662752285,own
Rice (white),South Asia,,,,,156.4703331677061,0.2580675581064195,3.874954323346716,4.93532316403962,own
Rice (white),Sub-Saharan Africa,,,,,130.5842573127026,0.503886740604895,1.984572959390719,8.042182596752166,own
Rice (white),Brazil,,,,,146.4153081923968,0.216488799873142,4.619176606762012,3.874111309887889,own
Rice (white),China,,,,,170.1642655370287,0.1266583378039388,7.895255988184157,2.634221703244771,own
Rice (white),India,,,,,163.4692122281415,0.2548270632343273,3.924229975057421,5.091335245495435,own
Rice (white),United States,,,,,124.4445703740499,0.1780632200794067,5.615982905139273,2.708322334935757,own
Sorghum flour,Global,,,,,68.31380187477043,0.7368940616737553,1.357047168664428,6.152670936118152,own
Millet flour,Global,,,,,61.17980064157259,1.144011170900138,0.8741173385686203,8.554379211571415,own
Oat groats,Global,,,,,99.12284640624387,0.5282759425430054,1.892950103285449,6.400070736009383,own
Rye flour,Global,,,,,107.263316957177,0.345159742075777,2.897209257331228,4.525030744071633,own
Other cereal flour,Global,,,,,102.3076262534454,0.4535021462477996,2.205061229089722,5.670711210200083,own
Vegetable oils,Global,,,,,,,,,no value
Soybean oil,Global,,,,,111.7436422479539,0.5593465759878301,1.787800342272512,7.639307338642474,own
Soybean oil,Central Asia,,,,,111.7436422479539,0.5593465759878301,1.787800342272512,7.639307338642474,set to Global
Soybean oil,East Asia,,,,,115.0309435665971,0.5838653455107483,1.712723674540453,8.208759974548048,own
Soybean oil,Europe,,,,,117.8509677947068,0.5688677122295734,1.757877936296792,8.193974608528624,own
Soybean oil,Middle East & N. Africa,,,,,111.7436422479539,0.5593465759878301,1.787800342272512,7.639307338642474,set to Global
Soybean oil,North America,,,,,84.2231620358243,0.5519046603409924,1.811907149655438,5.681274577760953,own
Soybean oil,Oceania,,,,,111.7436422479539,0.5593465759878301,1.787800342272512,7.639307338642474,set to Global
Soybean oil,Russia,,,,,85.56625598997553,0.9114436050366631,1.097160586210679,9.5319665013214,own
Soybean oil,South America,,,,,128.851225348236,0.492041960564544,2.03234699506654,7.748914499515434,own
Soybean oil,South Asia,,,,,111.1415734272826,0.8184985467144577,1.22174926762437,11.11845977364087,own
Soybean oil,Sub-Saharan Africa,,,,,111.7436422479539,0.5593465759878301,1.787800342272512,7.639307338642474,set to Global
Soybean oil,Brazil,,,,,151.2848498678422,0.3989529576383928,2.506561189368072,7.376788014524604,own
Soybean oil,China,,,,,113.8634673348624,0.5823022672397676,1.717321151332976,8.103694522595418,own
Soybean oil,India,,,,,111.1594879051821,1.091200224048756,0.916422099227244,14.82522043533418,own
Soybean oil,United States,,,,,81.84044010841241,0.5502718075552354,1.817283724642974,5.504215066725477,own
Palm oil,Global,,,,,202.4017784871937,0.3176621623465532,3.14799846671399,7.858325030970335,own
Palm oil,Central Asia,,,,,202.4017784871937,0.3176621623465532,3.14799846671399,7.858325030970335,set to Global
Palm oil,East Asia,,,,,216.8880716403602,0.2686101015408532,3.722868180547219,7.120462182327632,own
Palm oil,Europe,,,,,202.4017784871937,0.3176621623465532,3.14799846671399,7.858325030970335,set to Global
Palm oil,Middle East & N. Africa,,,,,202.4017784871937,0.3176621623465532,3.14799846671399,7.858325030970335,set to Global
Palm oil,North America,,,,,202.4017784871937,0.3176621623465532,3.14799846671399,7.858325030970335,set to Global
Palm oil,Oceania,,,,,202.4017784871937,0.3176621623465532,3.14799846671399,7.858325030970335,set to Global
Palm oil,Russia,,,,,202.4017784871937,0.3176621623465532,3.14799846671399,7.858325030970335,set to Global
Palm oil,South America,,,,,171.3269318368067,0.2709660578203624,3.690499127617498,5.674017961122799,own
Palm oil,South Asia,,,,,202.4017784871937,0.3176621623465532,3.14799846671399,7.858325030970335,set to Global
Palm oil,Sub-Saharan Africa,,,,,152.689618739075,1.584234592880305,0.6312196466950609,29.56508817535136,own
Palm oil,Brazil,,,,,171.3269318368067,0.2709660578203624,3.690499127617498,5.674017961122799,set to region
Palm oil,China,,,,,216.8880716403602,0.2686101015408532,3.722868180547219,7.120462182327632,set to region
Palm oil,India,,,,,202.4017784871937,0.3176621623465532,3.14799846671399,7.858325030970335,set to Global
Palm oil,United States,,,,,202.4017784871937,0.3176621623465532,3.14799846671399,7.858325030970335,set to Global
Canola oil,Global,,,,,104.7915193066284,0.7734036301550924,1.292985914482284,9.905639509481691,own
Canola oil,Central Asia,,,,,104.7915193066284,0.7734036301550924,1.292985914482284,9.905639509481691,set to Global
Canola oil,East Asia,,,,,145.8110188008839,0.8705535419009257,1.148694424717884,15.51443652798012,own
Canola oil,Europe,,,,,118.6079494495261,0.6272146118167556,1.594350611672541,9.09243365217805,own
Canola oil,Middle East & N. Africa,,,,,104.7915193066284,0.7734036301550924,1.292985914482284,9.905639509481691,set to Global
Canola oil,North America,,,,,57.30830296095951,0.7435978411510129,1.344812941430953,5.208418155330829,own
Canola oil,Oceania,,,,,34.15502144152502,1.293213511606913,0.7732675161717311,5.398523193238265,own
Canola oil,Russia,,,,,96.10285020423913,1.265673610414228,0.7900931107133707,14.86648061422297,own
Canola oil,South America,,,,,104.7915193066284,0.7734036301550924,1.292985914482284,9.905639509481691,set to Global
Canola oil,South Asia,,,,,108.7743463861762,0.9672197949877509,1.033891164326992,12.85884123474671,own
Canola oil,Sub-Saharan Africa,,,,,104.7915193066284,0.7734036301550924,1.292985914482284,9.905639509481691,set to Global
Canola oil,Brazil,,,,,104.7915193066284,0.7734036301550924,1.292985914482284,9.905639509481691,set to Global
Canola oil,China,,,,,145.5789123441558,0.8580135298695302,1.165482786911368,15.26661601116373,own
Canola oil,India,,,,,104.4741751596943,1.178094296068688,0.8488284879546655,15.04316364736983,own
Canola oil,United States,,,,,44.88873742020746,0.8550558431745495,1.169514258024738,4.691179438473787,own
Sunflower oil,Global,,,,,68.86900782338543,0.8345872824971325,1.198197026209102,7.024990877372479,own
Sunflower oil,Central Asia,,,,,24.62859424392941,1.614211633133526,0.619497455893555,4.859037741100432,own
Sunflower oil,East Asia,,,,,68.64571757381073,0.7975504764385926,1.253839135631179,6.691474136900888,own
Sunflower oil,Europe,,,,,80.9039182335518,0.5409659148637045,1.848545301143323,5.349209817510984,own
Sunflower oil,Middle East & N. Africa,,,,,53.28585984664734,0.7870369204182557,1.270588423562861,5.12574810434428,own
Sunflower oil,North America,,,,,34.1320005847758,1.056441162762449,0.946574248759048,4.407143935967559,own
Sunflower oil,Oceania,,,,,68.86900782338543,0.8345872824971325,1.198197026209102,7.024990877372479,set to Global
Sunflower oil,Russia,,,,,61.49793754504368,1.133596967894138,0.8821477370900891,8.52058478734278,own
Sunflower oil,South America,,,,,83.45204877321876,0.9331310760240324,1.071660804890229,9.517652230553336,own
Sunflower oil,South Asia,,,,,68.86900782338543,0.8345872824971325,1.198197026209102,7.024990877372479,set to Global
Sunflower oil,Sub-Saharan Africa,,,,,74.56608759329411,1.921716666295133,0.520368073784724,17.51382028836685,own
Sunflower oil,Brazil,,,,,83.45204877321876,0.9331310760240324,1.071660804890229,9.517652230553336,set to region
Sunflower oil,China,,,,,38.30375669536306,0.7104939249183884,1.407471570027662,3.326227230774249,own
Sunflower oil,India,,,,,68.86900782338543,0.8345872824971325,1.198197026209102,7.024990877372479,set to Global
Sunflower oil,United States,,,,,32.6378043778053,1.003881907795441,0.9961331031416174,4.004550161950016,own
Peanut oil,Global,,,,,91.32267537815194,2.081944075329301,0.4803202986333001,23.23795258238233,own
Peanut oil,Central Asia,,,,,91.32267537815194,2.081944075329301,0.4803202986333001,23.23795258238233,set to Global
Peanut oil,East Asia,,,,,152.6914670792603,1.057271315744342,0.945831013391277,19.73110434800065,own
Peanut oil,Europe,,,,,91.32267537815194,2.081944075329301,0.4803202986333001,23.23795258238233,set to Global
Peanut oil,Middle East & N. Africa,,,,,91.32267537815194,2.081944075329301,0.4803202986333001,23.23795258238233,set to Global
Peanut oil,North America,,,,,130.939256362049,0.7911554063393037,1.26397417244107,12.66140340335238,own
Peanut oil,Oceania,,,,,91.32267537815194,2.081944075329301,0.4803202986333001,23.23795258238233,set to Global
Peanut oil,Russia,,,,,91.32267537815194,2.081944075329301,0.4803202986333001,23.23795258238233,set to Global
Peanut oil,South America,,,,,124.7110039087856,1.178714642552814,0.8483817574661152,17.9665061149135,own
Peanut oil,South Asia,,,,,43.23917575966809,1.72945375096597,0.578217254691812,9.139796686317593,own
Peanut oil,Sub-Saharan Africa,,,,,89.51460093309994,4.416601500146853,0.2264184350720231,48.32059476031041,own
Peanut oil,Brazil,,,,,124.7110039087856,1.178714642552814,0.8483817574661152,17.9665061149135,set to region
Peanut oil,China,,,,,138.8040872460863,0.9085925369677941,1.100603361037122,15.41422150551807,own
Peanut oil,India,,,,,42.62028394667144,2.045664833902465,0.4888386325204233,10.65616640985643,own
Peanut oil,United States,,,,,131.7834092705867,0.8209400804603127,1.218115699064523,13.22276787454697,own
Coconut oil,Global,,,,,186.0715497586147,1.878544374770737,0.5323270578167966,42.72200326825677,own
Coconut oil,Central Asia,,,,,186.0715497586147,1.878544374770737,0.5323270578167966,42.72200326825677,set to Global
Coconut oil,East Asia,,,,,202.5440032954103,1.816148099824081,0.5506158887025038,44.95943304303267,own
Coconut oil,Europe,,,,,186.0715497586147,1.878544374770737,0.5323270578167966,42.72200326825677,set to Global
Coconut oil,Middle East & N. Africa,,,,,186.0715497586147,1.878544374770737,0.5323270578167966,42.72200326825677,set to Global
Coconut oil,North America,,,,,186.0715497586147,1.878544374770737,0.5323270578167966,42.72200326825677,set to Global
Coconut oil,Oceania,,,,,186.0715497586147,1.878544374770737,0.5323270578167966,42.72200326825677,set to Global
Coconut oil,Russia,,,,,186.0715497586147,1.878544374770737,0.5323270578167966,42.72200326825677,set to Global
Coconut oil,South America,,,,,157.4516021755399,0.9429294174844216,1.060524766177975,18.14581358594531,own
Coconut oil,South Asia,,,,,110.1178772870018,1.517886379365167,0.6588108395954083,20.42900762937772,own
Coconut oil,Sub-Saharan Africa,,,,,148.9919703110133,5.657576504906531,0.176754127696329,103.0252019684947,own
Coconut oil,Brazil,,,,,157.4516021755399,0.9429294174844216,1.060524766177975,18.14581358594531,set to region
Coconut oil,China,,,,,202.5440032954103,1.816148099824081,0.5506158887025038,44.95943304303267,set to region
Coconut oil,India,,,,,95.89552485729567,1.465463301898866,0.6823780566215857,17.17605663824077,own
Coconut oil,United States,,,,,186.0715497586147,1.878544374770737,0.5323270578167966,42.72200326825677,set to Global
Olive oil,Global,,,,,26.39788385079098,2.919930300300336,0.3424739281951842,9.420886556856317,own
Olive oil,Central Asia,,,,,26.39788385079098,2.919930300300336,0.3424739281951842,9.420886556856317,set to Global
Olive oil,East Asia,,,,,26.39788385079098,2.919930300300336,0.3424739281951842,9.420886556856317,set to Global
Olive oil,Europe,,,,,27.79727112555035,2.067176340477724,0.4837516666666667,7.023116368960057,own
Olive oil,Middle East & N. Africa,,,,,24.84766733883063,5.328502158043371,0.1876700000000001,16.18232599344812,own
Olive oil,North America,,,,,26.39788385079098,2.919930300300336,0.3424739281951842,9.420886556856317,set to Global
Olive oil,Oceania,,,,,26.39788385079098,2.919930300300336,0.3424739281951842,9.420886556856317,set to Global
Olive oil,Russia,,,,,26.39788385079098,2.919930300300336,0.3424739281951842,9.420886556856317,set to Global
Olive oil,South America,,,,,26.39788385079098,2.919930300300336,0.3424739281951842,9.420886556856317,set to Global
Olive oil,South Asia,,,,,26.39788385079098,2.919930300300336,0.3424739281951842,9.420886556856317,set to Global
Olive oil,Sub-Saharan Africa,,,,,26.39788385079098,2.919930300300336,0.3424739281951842,9.420886556856317,set to Global
Olive oil,Brazil,,,,,26.39788385079098,2.919930300300336,0.3424739281951842,9.420886556856317,set to Global
Olive oil,China,,,,,26.39788385079098,2.919930300300336,0.3424739281951842,9.420886556856317,set to Global
Olive oil,India,,,,,26.39788385079098,2.919930300300336,0.3424739281951842,9.420886556856317,set to Global
Olive oil,United States,,,,,26.39788385079098,2.919930300300336,0.3424739281951842,9.420886556856317,set to Global
Palm kernel oil,Global,,,,,200.4721399550993,0.4841036012538918,2.065673540560055,11.86157926596351,own
Palm kernel oil,Central Asia,,,,,200.4721399550993,0.4841036012538918,2.065673540560055,11.86157926596351,set to Global
Palm kernel oil,East Asia,,,,,216.8880716403602,0.3939614822599181,2.538319214009467,10.44334453408053,own
Palm kernel oil,Europe,,,,,200.4721399550993,0.4841036012538918,2.065673540560055,11.86157926596351,set to Global
Palm kernel oil,Middle East & N. Africa,,,,,200.4721399550993,0.4841036012538918,2.065673540560055,11.86157926596351,set to Global
Palm kernel oil,North America,,,,,200.4721399550993,0.4841036012538918,2.065673540560055,11.86157926596351,set to Global
Palm kernel oil,Oceania,,,,,200.4721399550993,0.4841036012538918,2.065673540560055,11.86157926596351,set to Global
Palm kernel oil,Russia,,,,,200.4721399550993,0.4841036012538918,2.065673540560055,11.86157926596351,set to Global
Palm kernel oil,South America,,,,,171.3269318368067,0.3974168848031981,2.516249405193749,8.321893009646773,own
Palm kernel oil,South Asia,,,,,200.4721399550993,0.4841036012538918,2.065673540560055,11.86157926596351,set to Global
Palm kernel oil,Sub-Saharan Africa,,,,,152.689618739075,2.323544069557781,0.4303770318375415,43.36212932384866,own
Palm kernel oil,Brazil,,,,,171.3269318368067,0.3974168848031981,2.516249405193749,8.321893009646773,set to region
Palm kernel oil,China,,,,,216.8880716403602,0.3939614822599181,2.538319214009467,10.44334453408053,set to region
Palm kernel oil,India,,,,,200.4721399550993,0.4841036012538918,2.065673540560055,11.86157926596351,set to Global
Palm kernel oil,United States,,,,,200.4721399550993,0.4841036012538918,2.065673540560055,11.86157926596351,set to Global
Maize oil from dry milling,Global,,,,,115.0294598597573,0.4729782048802855,2.114262326850997,6.649674464010949,own
Maize oil from wet milling,Global,,,,,97.59830605354593,0.3253755053193113,3.073372099779415,3.881300885058826,own
Maize oil from wet milling,Central Asia,,,,,97.59830605354593,0.3253755053193113,3.073372099779415,3.881300885058826,set to Global
Maize oil from wet milling,East Asia,,,,,128.8600766560434,0.3842591418123831,2.602410433967648,6.051914301855784,own
Maize oil from wet milling,Europe,,,,,104.5994500707568,0.3719616938104167,2.688448882345624,4.75529860910583,own
Maize oil from wet milling,Middle East & N. Africa,,,,,97.59830605354593,0.3253755053193113,3.073372099779415,3.881300885058826,set to Global
Maize oil from wet milling,North America,,,,,78.74193992645176,0.2695385184106252,3.710044879287205,2.594042711889965,own
Maize oil from wet milling,Oceania,,,,,97.59830605354593,0.3253755053193113,3.073372099779415,3.881300885058826,set to Global
Maize oil from wet milling,Russia,,,,,97.59830605354593,0.3253755053193113,3.073372099779415,3.881300885058826,set to Global
Maize oil from wet milling,South America,,,,,97.59830605354593,0.3253755053193113,3.073372099779415,3.881300885058826,set to Global
Maize oil from wet milling,South Asia,,,,,97.59830605354593,0.3253755053193113,3.073372099779415,3.881300885058826,set to Global
Maize oil from wet milling,Sub-Saharan Africa,,,,,97.59830605354593,0.3253755053193113,3.073372099779415,3.881300885058826,set to Global
Maize oil from wet milling,Brazil,,,,,97.59830605354593,0.3253755053193113,3.073372099779415,3.881300885058826,set to Global
Maize oil from wet milling,China,,,,,97.59830605354593,0.3253755053193113,3.073372099779415,3.881300885058826,set to Global
Maize oil from wet milling,India,,,,,97.59830605354593,0.3253755053193113,3.073372099779415,3.881300885058826,set to Global
Maize oil from wet milling,United States,,,,,70.12955453416961,0.2585471550622381,3.867766403228369,2.216108499072311,own
Cotton oil,Global,,,,,68.86036301654245,0.6046182433252972,1.65393620030413,5.088628321553842,own
Sugars,Global,,,,,,,,,no value
Cane sugar,Global,,,,,134.451829652192,0.1167713653969136,8.56374331670212,1.918904011273296,own
Beet sugar,Global,,,,,97.48929414773212,0.08511934516113627,11.74821068121397,1.014227485098221,own
Starches,Global,,,,,,,,,no value
Wheat starch,Global,,,,,84.38453430472353,0.2070208669106357,4.830430936373521,2.135143932241729,own
Maize starch,Global,,,,,97.59830605354591,0.1322955351298299,7.558834083241263,1.578111348870072,own
Cassava starch,Global,,,,,186.3685112440088,0.2263732278341046,4.417483505305849,5.156413955848576,own
Potato starch,Global,,,,,120.3696803752627,0.1677547502575073,5.961083060032442,2.467982692991222,own
Proteins,Global,,,,,,,,,no value
Soy protein concentrate,Global,,,,,102.9279745110362,0.3668925248701843,2.725593824387196,4.615539432548982,own
Pea protein concentrate,Global,,,,,81.3836966313764,1.230914268765227,0.8124042635423628,12.24377653014043,own
Soy protein isolate,Global,,,,,102.929030654612,0.5327386308390193,1.877093084886828,6.701966438997558,own
Pea protein isolate,Global,,,,,81.37465217102375,1.821259057584058,0.5490707078906847,18.1138616174058,own
Alcoholic beverages,Global,,,,,,,,,no value
Beer,Global,,,,,72.34650923845962,0.05725720194753956,17.46505183603321,0.5062882842925134,own
Beer,Central Asia,,,,,72.34650923845962,0.05725720194753956,17.46505183603321,0.5062882842925134,set to Global
Beer,East Asia,,,,,72.34650923845962,0.05725720194753956,17.46505183603321,0.5062882842925134,set to Global
Beer,Europe,,,,,106.9182206223031,0.04252383884957636,23.5162211844842,0.5556922780232104,own
Beer,Middle East & N. Africa,,,,,47.62453804582184,0.09241116950746778,10.82120273263276,0.5379047982082243,own
Beer,North America,,,,,53.22224403393446,0.05193749843756005,19.25391152987881,0.3378503597768335,own
Beer,Oceania,,,,,26.64058944553978,0.08297327383740355,12.05207356238136,0.2701669572866752,own
Beer,Russia,,,,,84.49174545539172,0.08331193990414988,12.00308144487449,0.860343149083773,own
Beer,South America,,,,,81.41712864507488,0.04975745750315765,20.0974899076493,0.4951355833827862,own
Beer,South Asia,,,,,75.53870809611284,0.05839803999253958,17.12386237839063,0.5391604162244141,own
Beer,Sub-Saharan Africa,,,,,71.00208998168753,0.05661396635855862,17.66348596151354,0.4912978807746302,own
Beer,Brazil,,,,,81.41712864507488,0.04975745750315765,20.0974899076493,0.4951355833827862,set to region
Beer,China,,,,,72.34650923845962,0.05725720194753956,17.46505183603321,0.5062882842925134,set to Global
Beer,India,,,,,75.53870809611284,0.05839803999253958,17.12386237839063,0.5391604162244141,set to region
Beer,United States,,,,,49.15021695864368,0.05626106796305475,17.77428044303523,0.3379742295977834,own
Wine,Global,,,,,66.62865330977527,0.1455334526844126,6.871272422626345,1.185151973363638,own
Wine,Central Asia,,,,,66.62865330977527,0.1455334526844126,6.871272422626345,1.185151973363638,set to Global
Wine,East Asia,,,,,89.82936512216466,0.07570239933983278,13.20962094623894,0.8311475908904368,own
Wine,Europe,,,,,71.7066328813516,0.1744778221560378,5.73138744880531,1.529148761467648,own
Wine,Middle East & N. Africa,,,,,66.62865330977527,0.1455334526844126,6.871272422626345,1.185151973363638,set to Global
Wine,North America,,,,,46.6441520892603,0.08295532382748143,12.05468140995576,0.4729243128161301,own
Wine,Oceania,,,,,43.24093920382193,0.1126303990178,8.878597685176995,0.5952520733415536,own
Wine,Russia,,,,,66.62865330977527,0.1455334526844126,6.871272422626345,1.185151973363638,set to Global
Wine,South America,,,,,55.57047242840684,0.10416194796383,9.600434895353988,0.7074623914616089,own
Wine,South Asia,,,,,66.62865330977527,0.1455334526844126,6.871272422626345,1.185151973363638,set to Global
Wine,Sub-Saharan Africa,,,,,66.62865330977527,0.1455334526844126,6.871272422626345,1.185151973363638,set to Global
Wine,Brazil,,,,,55.57047242840684,0.10416194796383,9.600434895353988,0.7074623914616089,set to region
Wine,China,,,,,84.60019342258312,0.07448139289886772,13.42617210929204,0.7701393633544867,own
Wine,India,,,,,66.62865330977527,0.1455334526844126,6.871272422626345,1.185151973363638,set to Global
Wine,United States,,,,,49.13212693884284,0.08101484841631226,12.34341629402655,0.4864972219948335,own
Spirits,Global,,,,,69.57321039910029,0.3297934618676513,3.032200803305518,2.804363211315816,own
Spirits,Central Asia,,,,,23.34293023724284,0.6983536701777298,1.431939206026513,1.992420344918819,own
Spirits,East Asia,,,,,69.57321039910029,0.3297934618676513,3.032200803305518,2.804363211315816,set to Global
Spirits,Europe,,,,,106.9182206223031,0.2255207498911635,4.4341817792048,2.947056113438635,own
Spirits,Middle East & N. Africa,,,,,47.62453804582183,0.4900930115779322,2.040429013220045,2.852722067052566,own
Spirits,North America,,,,,53.22224403393444,0.275445112952834,3.630487356554536,1.791754191275934,own
Spirits,Oceania,,,,,69.57321039910029,0.3297934618676513,3.032200803305518,2.804363211315816,set to Global
Spirits,Russia,,,,,84.49174545539172,0.441836195187693,2.263282209315599,4.562740274495007,own
Spirits,South America,,,,,81.41712864507487,0.2638834929387285,3.78955117223718,2.625899991232731,own
Spirits,South Asia,,,,,75.53870809611283,0.309707922134666,3.228848629726636,2.8593811064114,own
Spirits,Sub-Saharan Africa,,,,,71.00208998168755,0.3002462734528596,3.330599206111398,2.605547135200326,own
Spirits,Brazil,,,,,81.41712864507487,0.2638834929387285,3.78955117223718,2.625899991232731,set to region
Spirits,China,,,,,69.57321039910029,0.3297934618676513,3.032200803305518,2.804363211315816,set to Global
Spirits,India,,,,,77.5361878389429,0.3087679337066902,3.23867827852207,2.926084150797402,own
Spirits,United States,,,,,49.15021695864368,0.298374713571567,3.351490439755861,1.792411121968583,own
Wheat Flour,Central Asia,,,,,21.19392220393935,0.7301695027700446,1.369545011406666,1.89140791123746,own
Wheat Flour,East Asia,,,,,84.69456274599143,0.2094484883243876,4.774443625734026,2.168118105565243,own
Wheat Flour,Europe,,,,,112.7189250116892,0.219070300015049,4.564744741442838,3.018078399072559,own
Wheat Flour,Middle East & N. Africa,,,,,50.29596875994106,0.4359802064181459,2.293682110515141,2.680094614017299,own
Wheat Flour,North America,,,,,47.37559140234701,0.3207968938879276,3.117237164862812,1.857526313863799,own
Wheat Flour,Oceania,,,,,27.47686382250769,0.5820369730194022,1.718103911530488,1.95464507911673,own
Wheat Flour,Russia,,,,,70.08655632690143,0.3963213102622197,2.523205222899485,3.394941713196543,own
Wheat Flour,South America,,,,,83.37776033423395,0.3463420034812681,2.887319441328129,3.529438068437061,own
Wheat Flour,South Asia,,,,,81.76178507953846,0.2356951331867587,4.242768980756281,2.355326700699984,own
Wheat Flour,Sub-Saharan Africa,,,,,62.21597007431509,0.3250521137356187,3.076429771545342,2.47175287098277,own
Wheat Flour,Brazil,,,,,83.37776033423395,0.3463420034812681,2.887319441328129,3.529438068437061,set to region
Wheat Flour,China,,,,,100.7663771530254,0.1542847008382814,6.481524056284639,1.900153487663684,own
Wheat Flour,India,,,,,110.3563208429781,0.1870706570528092,5.345573783480669,2.523208043892133,own
Wheat Flour,United States,,,,,45.28012646153786,0.3249762245312097,3.077148186586688,1.798495666460325,own
Maize Flour,Central Asia,,,,,115.0294598597573,0.2338903210056738,4.27550826259177,3.288300557875412,set to Global
Maize Flour,East Asia,,,,,128.8600766560434,0.1524054928508733,6.561443300330957,2.400320204524685,own
Maize Flour,Europe,,,,,104.5994500707568,0.147528058797625,6.778371573178311,1.886054355806848,own
Maize Flour,Middle East & N. Africa,,,,,118.1406816189607,0.1423667975538776,7.024109674318958,2.055693505912895,own
Maize Flour,North America,,,,,78.74193992645176,0.1069048105060378,9.354116014671968,1.028853487042961,own
Maize Flour,Oceania,,,,,115.0294598597573,0.2338903210056738,4.27550826259177,3.288300557875412,set to Global
Maize Flour,Russia,,,,,115.0294598597573,0.2338903210056738,4.27550826259177,3.288300557875412,set to Global
Maize Flour,South America,,,,,135.7965667088317,0.1464114366184276,6.830067534998413,2.430043051295467,own
Maize Flour,South Asia,,,,,120.6158994344294,0.1642431636889614,6.088533474024947,2.421263400636702,own
Maize Flour,Sub-Saharan Africa,,,,,113.9002671108716,0.3680318654562253,2.717156023325221,5.123424506539338,own
Maize Flour,Brazil,,,,,153.7349462112963,0.1300150853366974,7.691415172403421,2.442960929553744,own
Maize Flour,China,,,,,107.0356446895225,0.1182780639179025,8.45465310198268,1.547329522943263,own
Maize Flour,India,,,,,121.0199535043489,0.1804981608538979,5.540222655284771,2.669807437508348,own
Maize Flour,United States,,,,,70.1295545341696,0.102545397896326,9.751778436814945,0.8789565979331514,own
Other Cereal Flour,Central Asia,,,,,19.68052506247722,0.7874284998697647,1.269956574045,1.894078551028369,own
Other Cereal Flour,East Asia,,,,,111.3991135053899,0.4452646530968501,2.245855342536001,6.062477377033499,own
Other Cereal Flour,Europe,,,,,125.5360813840507,0.334670944615245,2.98800961389,5.134956314900686,own
Other Cereal Flour,Middle East & N. Africa,,,,,118.1822967466901,0.3434974696947735,2.911229596213865,4.961650209413932,own
Other Cereal Flour,North America,,,,,96.25403151904224,0.3828030251847881,2.612309554025275,4.503440877432606,own
Other Cereal Flour,Oceania,,,,,102.3076262534454,0.4535021462477996,2.205061229089722,5.670711210200083,set to Global
Other Cereal Flour,Russia,,,,,79.71575258343486,1.606420534153177,0.6225020028937497,15.65141378111715,own
Other Cereal Flour,South America,,,,,116.9407259299439,0.363454927011029,2.75137279943836,5.194772367581439,own
Other Cereal Flour,South Asia,,,,,125.2502436145578,0.3353167360781434,2.982254961968127,5.133150352223158,own
Other Cereal Flour,Sub-Saharan Africa,,,,,100.0444991130957,0.4901545156811847,2.040172982207999,5.993443256697859,own
Other Cereal Flour,Brazil,,,,,116.9407259299439,0.363454927011029,2.75137279943836,5.194772367581439,set to region
Other Cereal Flour,China,,,,,80.97065133214056,0.449826538461351,2.223079152734159,4.45166917625195,own
Other Cereal Flour,India,,,,,125.2518972708302,0.3353167373602465,2.982254950565301,5.133218143904345,own
Other Cereal Flour,United States,,,,,125.2421967152621,0.335324333402738,2.982187394074261,5.132936860020425,own
Cane Sugar,Central Asia,,,,,134.451829652192,0.1167713653969136,8.56374331670212,1.918904011273296,set to Global
Cane Sugar,East Asia,,,,,186.6028586580868,0.1238001209085826,8.077536537613138,2.823511345570458,own
Cane Sugar,Europe,,,,,134.451829652192,0.1167713653969136,8.56374331670212,1.918904011273296,set to Global
Cane Sugar,Middle East & N. Africa,,,,,134.451829652192,0.1167713653969136,8.56374331670212,1.918904011273296,set to Global
Cane Sugar,North America,,,,,147.3350668549636,0.09525307724726854,10.49834849328897,1.715281150533784,own
Cane Sugar,Oceania,,,,,134.451829652192,0.1167713653969136,8.56374331670212,1.918904011273296,set to Global
Cane Sugar,Russia,,,,,134.451829652192,0.1167713653969136,8.56374331670212,1.918904011273296,set to Global
Cane Sugar,South America,,,,,158.3507753243808,0.11928457552576,8.383313564158557,2.308631724513126,own
Cane Sugar,South Asia,,,,,77.4343289604864,0.1196453796540274,8.358032737174229,1.132347295045051,own
Cane Sugar,Sub-Saharan Africa,,,,,72.40046680305173,0.1284846893707343,7.783028506334823,1.136954070692766,own
Cane Sugar,Brazil,,,,,156.2238263636952,0.1173045108278979,8.524821364006538,2.239815053820144,own
Cane Sugar,China,,,,,176.0298837437708,0.1261490061080923,7.927133402407766,2.714066040839965,own
Cane Sugar,India,,,,,89.76453196673478,0.1177780897149501,8.490543550334602,1.292169401013162,own
Cane Sugar,United States,,,,,119.8109847660417,0.0846570089352188,11.81237103197468,1.239680396518196,own
Beet Sugar,Central Asia,,,,,97.48929414773212,0.08511934516113627,11.74821068121397,1.014227485098221,set to Global
Beet Sugar,East Asia,,,,,55.11867657473913,0.09454414471798896,10.57706961105683,0.6369181053578644,own
Beet Sugar,Europe,,,,,139.3566522782073,0.07085869030061497,14.11259502197321,1.206899205735908,own
Beet Sugar,Middle East & N. Africa,,,,,40.1803794215624,0.08929169710745376,11.19924956512584,0.4385057439855544,own
Beet Sugar,North America,,,,,55.95539802649547,0.07075721711444037,14.13283394657302,0.4839081190638039,own
Beet Sugar,Oceania,,,,,97.48929414773212,0.08511934516113627,11.74821068121397,1.014227485098221,set to Global
Beet Sugar,Russia,,,,,92.13984376389489,0.1334267564586344,7.494748628698206,1.502590282602668,own
Beet Sugar,South America,,,,,97.48929414773212,0.08511934516113627,11.74821068121397,1.014227485098221,set to Global
Beet Sugar,South Asia,,,,,97.48929414773212,0.08511934516113627,11.74821068121397,1.014227485098221,set to Global
Beet Sugar,Sub-Saharan Africa,,,,,97.48929414773212,0.08511934516113627,11.74821068121397,1.014227485098221,set to Global
Beet Sugar,Brazil,,,,,97.48929414773212,0.08511934516113627,11.74821068121397,1.014227485098221,set to Global
Beet Sugar,China,,,,,35.69867285016229,0.09802118534472773,10.20187622178951,0.4276832056452459,own
Beet Sugar,India,,,,,97.48929414773212,0.08511934516113627,11.74821068121397,1.014227485098221,set to Global
Beet Sugar,United States,,,,,55.9346586762473,0.07465062968417997,13.39573429227109,0.5103459156096328,own
Meat (carcass weight),Global,,,,,,,,,no value
Beef,Global,,,,,52.48093783245746,25.89892048262688,0.03861164795153546,166.1243999282389,own
Beef,Central Asia,,,,,8.959020469424532,56.80353465156045,0.01760453827625547,62.19938140521059,own
Beef,East Asia,,,,,42.0973655524284,25.1706826878937,0.03972875954139171,129.5090414831207,own
Beef,Europe,,,,,104.8287467354636,5.941955967458535,0.1682947510006062,76.13073077206515,own
Beef,Middle East & N. Africa,,,,,15.73925698597734,17.33324346228761,0.05769260682085995,33.34373450875576,own
Beef,North America,,,,,35.68083233604576,21.63191051190095,0.04622800188868397,94.33655881020357,own
Beef,Oceania,,,,,13.33478095550691,57.03136312608282,0.01753421179481958,92.9500898187019,own
Beef,Russia,,,,,60.58634531219023,18.69885539024941,0.05347920924194396,138.464982286444,own
Beef,South America,,,,,92.32572273074234,21.94517991428762,0.04556809303481445,247.6350061830059,own
Beef,South Asia,,,,,85.30215483414989,12.29822273263053,0.08131256212710543,128.2190432995647,own
Beef,Sub-Saharan Africa,,,,,61.21015866642988,62.87072735224716,0.01590565342750496,470.3511018194879,own
Beef,Brazil,,,,,122.5898212414163,16.8237880966354,0.05943964547437392,252.0741881007779,own
Beef,China,,,,,36.17991972423771,28.79855346596727,0.03472396629857647,127.3469208700166,own
Beef,India,,,,,98.75859266799128,9.368998369038463,0.1067349956324765,113.0884447776043,own
Beef,United States,,,,,35.71334735314652,19.64957171246875,0.05089169446708317,85.76968643319496,own
Meat herd,Global,,,,,51.76502208354236,31.34441000441171,0.03190361534510461,198.310942631264,own
Meat herd,Global,,,,,37.91218557902545,35.76374134849464,0.02796128040004662,165.7188621005371,own
Dairy herd,Global,,,,,54.077976880606,18.65279240572709,0.05361127590166948,123.2862004581353,own
Dairy herd,Global,,,,,29.00614719383456,27.4076286322234,0.03648619198029745,97.16540904158323,own
Dairy cow carcass,Global,,,,,51.07883151279006,9.360208993623411,0.1068352213803393,58.43548799119685,own
Dairy bulls/steers carcass,Global,,,,,54.79624794680463,24.49960651018183,0.04081698208436158,164.0816849137977,own
Lamb/goat,Global,,,,,34.89417992611114,32.41446512435117,0.03085042422152313,138.2426440092823,own
Lamb/goat,Central Asia,,,,,8.699022192040953,90.33924227023655,0.01106938662390644,96.04993118367189,own
Lamb/goat,East Asia,,,,,43.02366082305612,15.59254309116761,0.06413322022925494,81.99256820617896,own
Lamb/goat,Europe,,,,,104.3957276558358,8.852896114397307,0.1129573855920118,112.958331655159,own
Lamb/goat,Middle East & N. Africa,,,,,13.46565169064124,39.12330980997388,0.02556020962584984,64.38921657497458,own
Lamb/goat,North America,,,,,34.89417992611114,32.41446512435117,0.03085042422152313,138.2426440092823,set to Global
Lamb/goat,Oceania,,,,,12.55107084051662,56.68840193562797,0.01764029264990644,86.96112926474676,own
Lamb/goat,Russia,,,,,34.89417992611114,32.41446512435117,0.03085042422152313,138.2426440092823,set to Global
Lamb/goat,South America,,,,,92.28968350695773,20.86775788459494,0.04792081667471439,235.3851830817776,own
Lamb/goat,South Asia,,,,,55.36702443216283,10.50482759135974,0.09519432768439753,71.08701672190227,own
Lamb/goat,Sub-Saharan Africa,,,,,59.49525499470392,51.18350671601078,0.01953754371595623,372.1881513279358,own
Lamb/goat,Brazil,,,,,92.28968350695773,20.86775788459494,0.04792081667471439,235.3851830817776,set to region
Lamb/goat,China,,,,,36.12667705235201,21.76015972708944,0.04595554502088926,96.08160993055246,own
Lamb/goat,India,,,,,54.32176515493537,12.04952462787136,0.08299082585274216,80.00073241891356,own
Lamb/goat,United States,,,,,34.89417992611114,32.41446512435117,0.03085042422152313,138.2426440092823,set to Global
Pork,Global,,,,,112.8050903815639,0.6611133139033812,1.512600002102129,9.114960204450972,own
Pork,Central Asia,,,,,112.8050903815639,0.6611133139033812,1.512600002102129,9.114960204450972,set to Global
Pork,East Asia,,,,,127.7268549592343,0.5924859567525096,1.687803716869724,9.249333849984671,own
Pork,Europe,,,,,111.3466202190608,0.6545304265694122,1.527812855456233,8.907525101327627,own
Pork,Middle East & N. Africa,,,,,112.8050903815639,0.6611133139033812,1.512600002102129,9.114960204450972,set to Global
Pork,North America,,,,,72.13224395311282,0.5487221206233165,1.822416050703511,4.837623739333057,own
Pork,Oceania,,,,,112.8050903815639,0.6611133139033812,1.512600002102129,9.114960204450972,set to Global
Pork,Russia,,,,,79.56681659812192,1.262997392307949,0.7917672721181486,12.28243889616001,own
Pork,South America,,,,,134.0769677775618,0.7796806010266523,1.282576478987985,12.77677021141162,own
Pork,South Asia,,,,,112.8050903815639,0.6611133139033812,1.512600002102129,9.114960204450972,set to Global
Pork,Sub-Saharan Africa,,,,,105.1812887603294,1.945282931416148,0.5140640386290797,25.00756692253379,own
Pork,Brazil,,,,,151.6373360069699,0.6433858750151099,1.554277205691709,11.92416134699834,own
Pork,China,,,,,111.6992373615393,0.5445662013179778,1.836324027418091,7.434488035344163,own
Pork,India,,,,,112.8050903815639,0.6611133139033812,1.512600002102129,9.114960204450972,set to Global
Pork,United States,,,,,70.52115791626322,0.4815295731553627,2.076715648941786,4.150425041869352,own
Chicken,Global,,,,,97.50289467382366,0.627739326105156,1.593017927050319,7.480782392825875,own
Chicken,Central Asia,,,,,97.50289467382366,0.627739326105156,1.593017927050319,7.480782392825875,set to Global
Chicken,East Asia,,,,,127.9717140980264,0.4986570936864042,2.005386091286371,7.799489258756465,own
Chicken,Europe,,,,,111.0693365578515,0.517754018594954,1.931419098810151,7.028583875561482,own
Chicken,Middle East & N. Africa,,,,,51.82018396372651,1.181072127000013,0.846688341160039,7.480412487236388,own
Chicken,North America,,,,,71.60259171388786,0.4285748233038923,2.33331485104743,3.750641655674251,own
Chicken,Oceania,,,,,35.25371264349861,1.620757786246305,0.6169953391468889,6.983500243016023,own
Chicken,Russia,,,,,76.79316379714281,0.9702308784263757,1.030682513034328,9.106423182760741,own
Chicken,South America,,,,,127.1248117863237,0.5709942346420689,1.751331168215483,8.871809785660433,own
Chicken,South Asia,,,,,104.2362870234604,0.6685112118768697,1.495861224514789,8.516826579506516,own
Chicken,Sub-Saharan Africa,,,,,99.79283922031249,1.566753373384283,0.6382625478826567,19.10953824853578,own
Chicken,Brazil,,,,,144.9119974605066,0.4568215565902284,2.189038554712964,8.09097963037318,own
Chicken,China,,,,,110.7206065095092,0.4990487141901432,2.003812396596996,6.753385993801741,own
Chicken,India,,,,,108.3201956018048,0.7429857168839218,1.345920893599402,9.836488222270543,own
Chicken,United States,,,,,71.86422558392923,0.3861957035604791,2.589360758756856,3.392113408470664,own
Dairy and egg,Global,,,,,,,,,no value
Cattle/buffalo milk,Global,,,,,52.76056810350513,0.7754513389787363,1.289571569141905,5.000508722139561,own
Cattle/buffalo milk,Central Asia,,,,,8.951624284158065,5.438069406697491,0.1838887894237625,5.949723286213702,own
Cattle/buffalo milk,East Asia,,,,,46.81183820587021,0.8984875139645953,1.112981521120398,5.140648594119523,own
Cattle/buffalo milk,Europe,,,,,107.351128158976,0.2417019892339444,4.137326313157049,3.171297704976208,own
Cattle/buffalo milk,Middle East & N. Africa,,,,,14.91702122449475,2.263879570089627,0.4417196096523853,4.127485950711081,own
Cattle/buffalo milk,North America,,,,,76.5354898340572,0.135913344872232,7.357629237512104,1.271379318584396,own
Cattle/buffalo milk,Oceania,,,,,75.75414472109357,0.1921464107085177,5.204364714972376,1.779052856099656,own
Cattle/buffalo milk,Russia,,,,,68.50921112922362,0.6781118881009723,1.474682891639702,5.678066840251176,own
Cattle/buffalo milk,South America,,,,,93.54630034254126,0.8017317922061737,1.247299919650485,9.166549703407874,own
Cattle/buffalo milk,South Asia,,,,,75.78563271741193,0.3953546528790699,2.529374557040758,3.66204697420382,own
Cattle/buffalo milk,Sub-Saharan Africa,,,,,60.80457617625143,4.265843780780082,0.234420211191403,31.70234504854155,own
Cattle/buffalo milk,Brazil,,,,,124.2219669148951,0.5902463089021749,1.694207968635914,8.961523689077048,own
Cattle/buffalo milk,China,,,,,38.46283815406864,1.435386257480175,0.6966765877747103,6.74777024900419,own
Cattle/buffalo milk,India,,,,,82.88653780182575,0.35535295134442,2.8141035447058,3.599930379784397,own
Cattle/buffalo milk,United States,,,,,75.27727605795141,0.1245125734543097,8.031317418452952,1.145584900118514,own
Sheep/goat whole milk,Global,,,,,39.12641603608748,5.175351292011867,0.1932235984721454,24.74913806250834,own
Eggs,Global,,,,,104.9742446873497,0.5788901149801735,1.727443558151359,7.427267537190934,own
Eggs,Central Asia,,,,,18.98998900471721,1.923905414699388,0.5197760723368258,4.465381882042556,own
Eggs,East Asia,,,,,128.1382525860068,0.4870226996021283,2.053292384147488,7.627429051823341,own
Eggs,Europe,,,,,110.9488469390613,0.5571931490201802,1.794709790955779,7.555770127416324,own
Eggs,Middle East & N. Africa,,,,,50.06714288422035,1.096771086716275,0.91176728864543,6.71149046454399,own
Eggs,North America,,,,,71.82568151244104,0.3763215316070262,2.657302110059039,3.303611724780923,own
Eggs,Oceania,,,,,104.9742446873497,0.5788901149801735,1.727443558151359,7.427267537190934,set to Global
Eggs,Russia,,,,,78.40798799320184,1.005087471960581,0.9949382794010386,9.631952786329233,own
Eggs,South America,,,,,128.1726048286902,0.4646111117025764,2.152337675126797,7.278384229022225,own
Eggs,South Asia,,,,,107.3944669470755,0.6947518109063241,1.439362926878119,9.119305603564452,own
Eggs,Sub-Saharan Africa,,,,,101.4350429604742,1.27488549996706,0.7843841662846094,15.80554133385875,own
Eggs,Brazil,,,,,146.1630106501812,0.3964131815260752,2.522620454118835,7.081670942288306,own
Eggs,China,,,,,110.5314443530276,0.4268087033274715,2.342970028970436,5.765928965039012,own
Eggs,India,,,,,112.1714214637447,0.7107233774717922,1.407017176721036,9.743904074486329,own
Eggs,United States,,,,,70.96277225675725,0.3377974429707338,2.960353965990909,2.929794146210205,own
Fish/seafood - farmed (whole weight),Global,,,,,,,,,no value
Carps - farmed,Global,,,,,159.0539802954812,0.1632471072936425,6.125682816549021,3.173512489495005,own
Tilapia,Global,,,,,116.2050159201426,0.4423029428018808,2.260893842725181,6.281955840088926,own
Tilapia,Central Asia,,,,,116.2050159201426,0.4423029428018808,2.260893842725181,6.281955840088926,set to Global
Tilapia,East Asia,,,,,134.7573189764446,0.3544931478848433,2.82092899670052,5.838622313881106,own
Tilapia,Europe,,,,,116.2050159201426,0.4423029428018808,2.260893842725181,6.281955840088926,set to Global
Tilapia,Middle East & N. Africa,,,,,116.2050159201426,0.4423029428018808,2.260893842725181,6.281955840088926,set to Global
Tilapia,North America,,,,,116.2050159201426,0.4423029428018808,2.260893842725181,6.281955840088926,set to Global
Tilapia,Oceania,,,,,116.2050159201426,0.4423029428018808,2.260893842725181,6.281955840088926,set to Global
Tilapia,Russia,,,,,116.2050159201426,0.4423029428018808,2.260893842725181,6.281955840088926,set to Global
Tilapia,South America,,,,,128.6039969992559,0.3804112452156589,2.628734067609095,5.979405255779731,own
Tilapia,South Asia,,,,,108.4970554364254,0.4515843935907178,2.214425507596981,5.988348298244478,own
Tilapia,Sub-Saharan Africa,,,,,89.30335261945186,0.7356480930128775,1.359345602194737,8.029491684396882,own
Tilapia,Brazil,,,,,134.6705643990626,0.3580580011753648,2.792843608346665,5.893540046275031,own
Tilapia,China,,,,,125.1193733650137,0.3516575315236315,2.84367576507543,5.377676331295195,own
Tilapia,India,,,,,108.4970554364254,0.4515843935907178,2.214425507596981,5.988348298244478,set to region
Tilapia,United States,,,,,116.2050159201426,0.4423029428018808,2.260893842725181,6.281955840088926,set to Global
Catfish,Global,,,,,133.9421425969287,0.3340903777581231,2.993202039251745,5.46929545774826,own
Catfish,Central Asia,,,,,133.9421425969287,0.3340903777581231,2.993202039251745,5.46929545774826,set to Global
Catfish,East Asia,,,,,146.622323537643,0.3027249689871997,3.303328441474821,5.424984686704505,own
Catfish,Europe,,,,,133.9421425969287,0.3340903777581231,2.993202039251745,5.46929545774826,set to Global
Catfish,Middle East & N. Africa,,,,,133.9421425969287,0.3340903777581231,2.993202039251745,5.46929545774826,set to Global
Catfish,North America,,,,,133.9421425969287,0.3340903777581231,2.993202039251745,5.46929545774826,set to Global
Catfish,Oceania,,,,,133.9421425969287,0.3340903777581231,2.993202039251745,5.46929545774826,set to Global
Catfish,Russia,,,,,133.9421425969287,0.3340903777581231,2.993202039251745,5.46929545774826,set to Global
Catfish,South America,,,,,138.6619138757683,0.3410682878875017,2.931964171145226,5.780277746321528,own
Catfish,South Asia,,,,,116.8174689664986,0.3811379429491907,2.623721984387446,5.441769644962714,own
Catfish,Sub-Saharan Africa,,,,,84.99680538523488,0.7616824120431378,1.31288314419339,7.912736546218396,own
Catfish,Brazil,,,,,143.0622592306763,0.3093184368103108,3.232914307701771,5.408552647884743,own
Catfish,China,,,,,129.9298942339543,0.2970874790046267,3.366011934768972,4.717844355314843,own
Catfish,India,,,,,117.5373268094983,0.3722692654910164,2.68622766556089,5.347898639007156,own
Catfish,United States,,,,,133.9421425969287,0.3340903777581231,2.993202039251745,5.46929545774826,set to Global
Salmon,Global,,,,,100.6250299724819,0.4217046194951867,2.371328066543539,5.18638266376233,own
Salmon,Central Asia,,,,,,,,5.18638266376233,set to Global
Salmon,East Asia,,,,,,,,5.18638266376233,set to Global
Salmon,Europe,,,,,,,,5.005040264802945,own
Salmon,Middle East & N. Africa,,,,,,,,4.60904667907815,own
Salmon,North America,,,,,,,,1.500448290579136,own
Salmon,Oceania,,,,,,,,5.18638266376233,set to Global
Salmon,Russia,,,,,,,,5.18638266376233,set to Global
Salmon,South America,,,,,,,,6.206907388738983,own
Salmon,South Asia,,,,,,,,5.18638266376233,set to Global
Salmon,Sub-Saharan Africa,,,,,,,,5.18638266376233,set to Global
Salmon,Brazil,,,,,,,,6.206907388738983,set to region
Salmon,China,,,,,,,,5.18638266376233,set to Global
Salmon,India,,,,,,,,5.18638266376233,set to Global
Salmon,United States,,,,,,,,1.500448290579136,set to region
Oth. non-freshwater fish - farmed,Global,,,,,95.81857272226193,0.3820318252140248,2.617582970842213,4.474035405459705,own
Crustaceans,Global,,,,,162.1841790360059,0.427820952517907,2.337426425972308,8.480485439374522,own
Crustaceans,Central Asia,,,,,162.1841790360059,0.427820952517907,2.337426425972308,8.480485439374522,set to Global
Crustaceans,East Asia,,,,,170.5664212637872,0.4194821823060068,2.383891479019991,8.744948009093896,own
Crustaceans,Europe,,,,,162.1841790360059,0.427820952517907,2.337426425972308,8.480485439374522,set to Global
Crustaceans,Middle East & N. Africa,,,,,162.1841790360059,0.427820952517907,2.337426425972308,8.480485439374522,set to Global
Crustaceans,North America,,,,,89.71140119619477,0.4062105043931178,2.461777795465947,4.453987209187956,own
Crustaceans,Oceania,,,,,162.1841790360059,0.427820952517907,2.337426425972308,8.480485439374522,set to Global
Crustaceans,Russia,,,,,162.1841790360059,0.427820952517907,2.337426425972308,8.480485439374522,set to Global
Crustaceans,South America,,,,,146.6213688077684,0.4286631982371292,2.332833805450257,7.681811485705337,own
Crustaceans,South Asia,,,,,142.694432152874,0.4877110701509774,2.050394303517525,8.505891070094517,own
Crustaceans,Sub-Saharan Africa,,,,,162.1841790360059,0.427820952517907,2.337426425972308,8.480485439374522,set to Global
Crustaceans,Brazil,,,,,146.6213688077684,0.4286631982371292,2.332833805450257,7.681811485705337,set to region
Crustaceans,China,,,,,145.6329428544031,0.4103842101524304,2.436740925360083,7.304667360891788,own
Crustaceans,India,,,,,131.6567481820225,0.5170420090822576,1.934078822289481,8.319919616466308,own
Crustaceans,United States,,,,,89.71140119619477,0.4062105043931178,2.461777795465947,4.453987209187956,set to region
Molluscs - farmed,Global,,,,,,0.0,,0.0,own
Molluscs,Central Asia,,,,,,,,,no value
Molluscs,East Asia,,,,,,,,,no value
Molluscs,Europe,,,,,,,,,no value
Molluscs,Middle East & N. Africa,,,,,,,,,no value
Molluscs,North America,,,,,,,,,no value
Molluscs,Oceania,,,,,,,,,no value
Molluscs,Russia,,,,,,,,,no value
Molluscs,South America,,,,,,,,,no value
Molluscs,South Asia,,,,,,,,,no value
Molluscs,Sub-Saharan Africa,,,,,,,,,no value
Molluscs,Brazil,,,,,,,,,no value
Molluscs,China,,,,,,,,,no value
Molluscs,India,,,,,,,,,no value
Molluscs,United States,,,,,,,,,no value
Tallow,Global,,,,,51.70086753247462,3.664064251304799,0.2729209782944972,23.15320339287819,own
Tallow,Central Asia,,,,,8.959020462297108,7.735741031280783,0.1292700978427704,8.470569823255941,own
Tallow,East Asia,,,,,42.09736555242839,3.492555673986419,0.2863232810999389,17.97001469022396,own
Tallow,Europe,,,,,104.8287467354636,0.8272534388053898,1.208819393297498,10.5991039272032,own
Tallow,Middle East & N. Africa,,,,,15.73925695364924,2.393263525243107,0.4178394854776472,4.603889837750825,own
Tallow,North America,,,,,35.68083233604575,2.968672121751168,0.3368509417638608,12.94635127339848,own
Tallow,Oceania,,,,,13.33478095550217,7.860205614459083,0.1272231349979535,12.81061468304691,own
Tallow,Russia,,,,,60.5863453121693,2.59283871512289,0.3856776721850992,19.19996487850183,own
Tallow,South America,,,,,92.32572273073038,3.000023597312778,0.3333307114303146,33.85303127936253,own
Tallow,South Asia,,,,,56.91080629845978,2.55356735287715,0.3916090166461763,17.76201496540316,own
Tallow,Sub-Saharan Africa,,,,,61.21015866642988,8.557915724141395,0.1168508819476986,64.02383525127699,own
Tallow,Brazil,,,,,122.5898212413734,2.293182832549314,0.4360751292073417,34.35921787417861,own
Tallow,China,,,,,36.17991972423761,3.963296932333273,0.2523151853301286,17.52566014896095,own
Tallow,India,,,,,58.3313015576412,2.254032525187175,0.4436493213055832,16.06985733801856,own
Tallow,United States,,,,,35.71334735314622,2.69192908853449,0.3714808106421588,11.75017538308418,own
Lard,Global,,,,,113.2617092620628,0.1809350883207732,5.526843959791463,2.504702122840264,own
Lard,Central Asia,,,,,113.2617092620628,0.1809350883207732,5.526843959791463,2.504702122840264,set to Global
Lard,East Asia,,,,,127.7268549592343,0.1645284072746785,6.07797775815401,2.56846284599015,own
Lard,Europe,,,,,111.3466202190609,0.1816300827731744,5.505695888763276,2.471809492399041,own
Lard,Middle East & N. Africa,,,,,113.2617092620628,0.1809350883207732,5.526843959791463,2.504702122840264,set to Global
Lard,North America,,,,,72.13224395311285,0.152296108612729,6.56615595177735,1.342667340613272,own
Lard,Oceania,,,,,113.2617092620628,0.1809350883207732,5.526843959791463,2.504702122840264,set to Global
Lard,Russia,,,,,113.2617092620628,0.1809350883207732,5.526843959791463,2.504702122840264,set to Global
Lard,South America,,,,,134.0769677775618,0.2164992052295097,4.618954600502598,3.54781251775191,own
Lard,South Asia,,,,,113.2617092620628,0.1809350883207732,5.526843959791463,2.504702122840264,set to Global
Lard,Sub-Saharan Africa,,,,,105.1812887603294,0.5405431075977377,1.849991214288466,6.9489469729342,own
Lard,Brazil,,,,,113.2617092620628,0.1809350883207732,5.526843959791463,2.504702122840264,set to Global
Lard,China,,,,,111.6992373615394,0.1512129347579296,6.613190872863211,2.064378493425226,own
Lard,India,,,,,113.2617092620628,0.1809350883207732,5.526843959791463,2.504702122840264,set to Global
Lard,United States,,,,,70.52115791626326,0.1336134489721985,7.484276528241361,1.151648072019499,own
Seed Cotton,Global,65.29939664043717,63.74146265981579,0.6377440050189417,59.09124198255025,69.31187331268376,0.4571359556596115,2.187533025174268,3.872604932209642,own
Seed Cotton,Central Asia,12.3800954399764,12.76470938523314,0.7405007142857144,14.06425850735414,10.34004560356968,0.3937007874015748,2.54,0.4975525006092148,own
Seed Cotton,East Asia,40.34854916512131,33.67178566337221,1.548054642857143,27.04373307924112,45.42854710639526,0.1883239171374765,5.309999999999999,1.045645570559422,own
Seed Cotton,Europe,65.29939664043717,63.74146265981579,0.6377440050189417,59.09124198255025,69.31187331268376,0.4571359556596115,2.187533025174268,3.872604932209642,set to Global
Seed Cotton,Middle East & N. Africa,36.91533101444592,19.01930861149602,1.145735357142857,24.40005418891413,30.38885007988495,0.2544529446390787,3.929999715343914,0.945087291747161,own
Seed Cotton,North America,60.54365157404359,69.18399834932286,0.8279614285714287,53.863483881825,75.03620461297001,0.352112676056338,2.84,3.229257632013576,own
Seed Cotton,Oceania,65.29939664043717,63.74146265981579,0.6377440050189417,59.09124198255025,69.31187331268376,0.4571359556596115,2.187533025174268,3.872604932209642,set to Global
Seed Cotton,Russia,65.29939664043717,63.74146265981579,0.6377440050189417,59.09124198255025,69.31187331268376,0.4571359556596115,2.187533025174268,3.872604932209642,set to Global
Seed Cotton,South America,85.43196164318756,129.0294882005075,1.14282,102.9145316120695,110.4040982316256,0.2551020408163265,3.92,3.442304650079029,own
Seed Cotton,South Asia,71.38685402885571,57.00475428544696,0.3964885714285715,61.11609091063048,66.8790288322436,0.7352941176470588,1.36,6.010370238191826,own
Seed Cotton,Sub-Saharan Africa,85.53700495113672,106.2802282968706,0.3002817857142858,84.95719131344748,106.5597601488456,0.9708737864077671,1.03,12.64463173287272,own
Seed Cotton,Brazil,95.83222673959467,123.7928075694768,1.262349642857143,98.4109987525417,119.9516859136726,0.2309468822170901,4.33,3.385857185143441,own
Seed Cotton,China,34.5143817988843,29.51552255345067,1.606361785714286,24.05025029494285,38.37329227167783,0.1814882032667876,5.510000000000001,0.8511922060666588,own
Seed Cotton,India,81.10982578264978,67.5195420705092,0.3848271428571429,72.9745086501939,75.27003206010794,0.7575757575757575,1.32,6.969447412972957,own
Seed Cotton,United States,62.22606951245235,71.4494645368098,0.8046385714285715,55.28230215371559,77.588593324118,0.3623188405797102,2.76,3.435887788105064,own
Soybean biodiesel,Global,,,,,112.0330411234925,0.6340411740028378,1.577184638793701,8.68187966812801,own
Soybean biodiesel,Central Asia,,,,,112.0330411234925,0.6340411740028378,1.577184638793701,8.68187966812801,set to Global
Soybean biodiesel,East Asia,,,,,112.0330411234925,0.6340411740028378,1.577184638793701,8.68187966812801,set to Global
Soybean biodiesel,Europe,,,,,118.3312787580815,0.6852656247448228,1.459288141547122,9.91079927016795,own
Soybean biodiesel,Middle East & N. Africa,,,,,112.0330411234925,0.6340411740028378,1.577184638793701,8.68187966812801,set to Global
Soybean biodiesel,North America,,,,,86.75153590369561,0.6690705011432576,1.494610804528484,7.094131440248469,own
Soybean biodiesel,Oceania,,,,,112.0330411234925,0.6340411740028378,1.577184638793701,8.68187966812801,set to Global
Soybean biodiesel,Russia,,,,,112.0330411234925,0.6340411740028378,1.577184638793701,8.68187966812801,set to Global
Soybean biodiesel,South America,,,,,128.851225348236,0.597863864598474,1.672621576939762,9.415448966604417,own
Soybean biodiesel,South Asia,,,,,115.8289259247743,0.8008856222898972,1.248617745366428,11.33803261780851,own
Soybean biodiesel,Sub-Saharan Africa,,,,,112.0330411234925,0.6340411740028378,1.577184638793701,8.68187966812801,set to Global
Soybean biodiesel,Brazil,,,,,151.2848498678422,0.4847545050284238,2.062899858849923,8.963290418620419,own
Soybean biodiesel,China,,,,,112.0330411234925,0.6340411740028378,1.577184638793701,8.68187966812801,set to Global
Soybean biodiesel,India,,,,,115.3189682136459,0.9331370563239829,1.071653936817618,13.15213808788006,own
Soybean biodiesel,United States,,,,,85.69750861115023,0.6666289308862634,1.500084910312143,6.982364711063797,own
Palm oil biodiesel,Global,,,,,215.3782637997573,0.3264775473176144,3.062997771871729,8.594198226884222,own
Palm oil biodiesel,Central Asia,,,,,215.3782637997573,0.3264775473176144,3.062997771871729,8.594198226884222,set to Global
Palm oil biodiesel,East Asia,,,,,216.8880716403602,0.3263792242294692,3.063920512590362,8.651837402585217,own
Palm oil biodiesel,Europe,,,,,213.4794391863535,0.3266090737353329,3.061764293818573,8.521861564845842,own
Palm oil biodiesel,Middle East & N. Africa,,,,,215.3782637997573,0.3264775473176144,3.062997771871729,8.594198226884222,set to Global
Palm oil biodiesel,North America,,,,,215.3782637997573,0.3264775473176144,3.062997771871729,8.594198226884222,set to Global
Palm oil biodiesel,Oceania,,,,,215.3782637997573,0.3264775473176144,3.062997771871729,8.594198226884222,set to Global
Palm oil biodiesel,Russia,,,,,215.3782637997573,0.3264775473176144,3.062997771871729,8.594198226884222,set to Global
Palm oil biodiesel,South America,,,,,171.3269318368067,0.3292418685545108,3.037280782029201,6.894311009869743,own
Palm oil biodiesel,South Asia,,,,,215.3782637997573,0.3264775473176144,3.062997771871729,8.594198226884222,set to Global
Palm oil biodiesel,Sub-Saharan Africa,,,,,215.3782637997573,0.3264775473176144,3.062997771871729,8.594198226884222,set to Global
Palm oil biodiesel,Brazil,,,,,181.8522505785507,0.3457986071988713,2.891856644827065,7.685853384738587,own
Palm oil biodiesel,China,,,,,216.8880716403602,0.3263792242294692,3.063920512590362,8.651837402585217,set to region
Palm oil biodiesel,India,,,,,215.3782637997573,0.3264775473176144,3.062997771871729,8.594198226884222,set to Global
Palm oil biodiesel,United States,,,,,215.3782637997573,0.3264775473176144,3.062997771871729,8.594198226884222,set to Global
Rapeseed oil biodiesel,Global,,,,,103.5601088147427,0.7990424773467525,1.251497922013525,10.11375761019938,own
Rapeseed oil biodiesel,Central Asia,,,,,103.5601088147427,0.7990424773467525,1.251497922013525,10.11375761019938,set to Global
Rapeseed oil biodiesel,East Asia,,,,,103.5601088147427,0.7990424773467525,1.251497922013525,10.11375761019938,set to Global
Rapeseed oil biodiesel,Europe,,,,,118.2080021314723,0.7707959265444964,1.297360255240363,11.13618568674358,own
Rapeseed oil biodiesel,Middle East & N. Africa,,,,,103.5601088147427,0.7990424773467525,1.251497922013525,10.11375761019938,set to Global
Rapeseed oil biodiesel,North America,,,,,57.31430094168704,0.9035358901747802,1.106762897715728,6.329342301466855,own
Rapeseed oil biodiesel,Oceania,,,,,103.5601088147427,0.7990424773467525,1.251497922013525,10.11375761019938,set to Global
Rapeseed oil biodiesel,Russia,,,,,103.5601088147427,0.7990424773467525,1.251497922013525,10.11375761019938,set to Global
Rapeseed oil biodiesel,South America,,,,,103.5601088147427,0.7990424773467525,1.251497922013525,10.11375761019938,set to Global
Rapeseed oil biodiesel,South Asia,,,,,103.5601088147427,0.7990424773467525,1.251497922013525,10.11375761019938,set to Global
Rapeseed oil biodiesel,Sub-Saharan Africa,,,,,103.5601088147427,0.7990424773467525,1.251497922013525,10.11375761019938,set to Global
Rapeseed oil biodiesel,Brazil,,,,,103.5601088147427,0.7990424773467525,1.251497922013525,10.11375761019938,set to Global
Rapeseed oil biodiesel,China,,,,,103.5601088147427,0.7990424773467525,1.251497922013525,10.11375761019938,set to Global
Rapeseed oil biodiesel,India,,,,,103.5601088147427,0.7990424773467525,1.251497922013525,10.11375761019938,set to Global
Rapeseed oil biodiesel,United States,,,,,95.53722812073231,1.049035331642566,0.9532567396316506,12.24934672938092,own
Sunflower oil biodiesel,Global,,,,,80.88849953421645,0.6577168969335629,1.520410992422796,6.502434022486941,own
Sunflower oil biodiesel,Central Asia,,,,,80.88849953421645,0.6577168969335629,1.520410992422796,6.502434022486941,set to Global
Sunflower oil biodiesel,East Asia,,,,,80.88849953421645,0.6577168969335629,1.520410992422796,6.502434022486941,set to Global
Sunflower oil biodiesel,Europe,,,,,80.9039182335518,0.6573097385950237,1.521352782840955,6.499647408883336,own
Sunflower oil biodiesel,Middle East & N. Africa,,,,,80.88849953421645,0.6577168969335629,1.520410992422796,6.502434022486941,set to Global
Sunflower oil biodiesel,North America,,,,,80.88849953421645,0.6577168969335629,1.520410992422796,6.502434022486941,set to Global
Sunflower oil biodiesel,Oceania,,,,,80.88849953421645,0.6577168969335629,1.520410992422796,6.502434022486941,set to Global
Sunflower oil biodiesel,Russia,,,,,80.88849953421645,0.6577168969335629,1.520410992422796,6.502434022486941,set to Global
Sunflower oil biodiesel,South America,,,,,80.88849953421645,0.6577168969335629,1.520410992422796,6.502434022486941,set to Global
Sunflower oil biodiesel,South Asia,,,,,80.88849953421645,0.6577168969335629,1.520410992422796,6.502434022486941,set to Global
Sunflower oil biodiesel,Sub-Saharan Africa,,,,,80.88849953421645,0.6577168969335629,1.520410992422796,6.502434022486941,set to Global
Sunflower oil biodiesel,Brazil,,,,,80.88849953421645,0.6577168969335629,1.520410992422796,6.502434022486941,set to Global
Sunflower oil biodiesel,China,,,,,80.88849953421645,0.6577168969335629,1.520410992422796,6.502434022486941,set to Global
Sunflower oil biodiesel,India,,,,,80.88849953421645,0.6577168969335629,1.520410992422796,6.502434022486941,set to Global
Sunflower oil biodiesel,United States,,,,,80.88849953421645,0.6577168969335629,1.520410992422796,6.502434022486941,set to Global
Rendered fat - average all livestock,Global,,,,,72.48044986208706,1.674712894115666,0.5971172751542294,14.83581537231948,own
Beef tallow biodiesel,Global,,,,,66.84302389588832,2.827390477930838,0.3536830189552833,23.09894024525244,own
Beef tallow biodiesel,Central Asia,,,,,8.962100842631596,9.356857166115955,0.1068734920547154,10.24920080467938,own
Beef tallow biodiesel,East Asia,,,,,42.14432039894965,4.125793667114776,0.2423776079668361,21.25184969194742,own
Beef tallow biodiesel,Europe,,,,,104.9803563199507,0.9184002062824795,1.088849929648668,11.78393099887067,own
Beef tallow biodiesel,Middle East & N. Africa,,,,,15.62894274041419,2.914592707483317,0.3431011123552411,5.567466976730453,own
Beef tallow biodiesel,North America,,,,,35.79720778285433,3.460185267029099,0.289001866324515,15.13905200756813,own
Beef tallow biodiesel,Oceania,,,,,13.46341946774323,9.039556271457684,0.1106248990514602,14.8748524081549,own
Beef tallow biodiesel,Russia,,,,,61.03645489516671,2.859416368566773,0.349721716288989,21.33127800301999,own
Beef tallow biodiesel,South America,,,,,92.34865482158854,3.545500377802168,0.2820476360010694,40.01826773504562,own
Beef tallow biodiesel,South Asia,,,,,57.25289037989771,2.852428998153179,0.3505784020031543,19.96008724694178,own
Beef tallow biodiesel,Sub-Saharan Africa,,,,,61.20968024850815,10.23534318143104,0.09770068108846605,76.57247685622852,own
Beef tallow biodiesel,Brazil,,,,,122.6193970542173,2.730082204294721,0.3662893367924562,40.91523746433043,own
Beef tallow biodiesel,China,,,,,36.22446625392389,4.666033935488793,0.2143147722081975,20.65856085770613,own
Beef tallow biodiesel,India,,,,,58.96438752470017,2.44897722339635,0.4083337282382545,17.64918736038414,own
Beef tallow biodiesel,United States,,,,,35.84683723602777,3.118046677772308,0.3207136080189958,13.66103588085391,own
Pork lard biodiesel,Global,,,,,114.8533011990918,0.2260736487175852,4.42333728708566,3.173537261808037,own
Pork lard biodiesel,Central Asia,,,,,18.61396317108195,0.5047370047241616,1.98122981006019,1.148296846524393,own
Pork lard biodiesel,East Asia,,,,,127.7268549592343,0.1999130100542873,5.00217569496075,3.120854004848299,own
Pork lard biodiesel,Europe,,,,,111.3466202190609,0.2206926886672837,4.531187716452176,3.003413721019491,own
Pork lard biodiesel,Middle East & N. Africa,,,,,49.44025813306697,0.3822722187559834,2.615936892443476,2.309955654403964,own
Pork lard biodiesel,North America,,,,,72.13224395308245,0.1850499497116999,5.403946348312759,1.631430547524552,own
Pork lard biodiesel,Oceania,,,,,36.37687918157472,0.6172348922773176,1.620128758940461,2.744265223702966,own
Pork lard biodiesel,Russia,,,,,79.5668165971078,0.4257537863581731,2.348775353365224,4.140384530905941,own
Pork lard biodiesel,South America,,,,,134.0769677758574,0.2630610027090032,3.801399636213639,4.310829304625527,own
Pork lard biodiesel,South Asia,,,,,108.3779446531754,0.393670057169779,2.540198274639739,5.214629648257178,own
Pork lard biodiesel,Sub-Saharan Africa,,,,,105.1812887603294,0.6567959995112245,1.522542769359408,8.443434961037914,own
Pork lard biodiesel,Brazil,,,,,151.6373360004303,0.2170005417379253,4.60828342635068,4.021769162863121,own
Pork lard biodiesel,China,,,,,111.699237361487,0.1837338210910444,5.442656088366422,2.50835782919108,own
Pork lard biodiesel,India,,,,,113.4761567914933,0.3719491391745144,2.688539627270951,5.158677190996775,own
Pork lard biodiesel,United States,,,,,70.52115791621152,0.1623492697110553,6.15955958274264,1.399329370618049,own
Bioethanol,Global,,,,,,,,,no value
Wheat ethanol,Global,,,,,82.99815550253226,0.6668779209304649,1.499524828479468,6.764955680094596,own
Wheat ethanol,Central Asia,,,,,21.19392220393934,1.620195197907799,0.6172095814697677,4.1969022308466,own
Wheat ethanol,East Asia,,,,,84.6945627459914,0.4647515867272434,2.151687113199437,4.810902851745171,own
Wheat ethanol,Europe,,,,,112.7189250116893,0.4861017157551497,2.057182617523823,6.696905458987113,own
Wheat ethanol,Middle East & N. Africa,,,,,50.29596875994106,0.9674097982830631,1.033688103815753,5.946943810195155,own
Wheat ethanol,North America,,,,,47.37559140234701,0.7118259322104914,1.404837832887906,4.121721329488768,own
Wheat ethanol,Oceania,,,,,27.47686382250769,1.291499446516617,0.7742937890505192,4.337221095628808,own
Wheat ethanol,Russia,,,,,70.08655632690144,0.8794093443773974,1.137126875434759,7.533138867113436,own
Wheat ethanol,South America,,,,,83.37776033423395,0.7685087486471472,1.301221361188615,7.831576898378919,own
Wheat ethanol,South Asia,,,,,82.99815550253226,0.6668779209304649,1.499524828479468,6.764955680094596,set to Global
Wheat ethanol,Sub-Saharan Africa,,,,,82.99815550253226,0.6668779209304649,1.499524828479468,6.764955680094596,set to Global
Wheat ethanol,Brazil,,,,,88.18824128020098,0.8208458142021376,1.218255587953507,8.847538176485696,own
Wheat ethanol,China,,,,,100.7663771530254,0.3423469899256385,2.921012976387527,4.216308054939429,own
Wheat ethanol,India,,,,,82.99815550253226,0.6668779209304649,1.499524828479468,6.764955680094596,set to Global
Wheat ethanol,United States,,,,,45.28012646153787,0.7210995754029639,1.38677102873231,3.990736440240913,own
Maize ethanol,Global,,,,,90.95823224757606,0.2646767512246611,3.778193571490482,2.942442483252145,own
Maize ethanol,Central Asia,,,,,90.95823224757606,0.2646767512246611,3.778193571490482,2.942442483252145,set to Global
Maize ethanol,East Asia,,,,,128.8600766560434,0.3421822156552117,2.92241955966413,5.389221021514654,own
Maize ethanol,Europe,,,,,104.5994500707567,0.3312313558152338,3.019037849055016,4.234586603434563,own
Maize ethanol,Middle East & N. Africa,,,,,90.95823224757606,0.2646767512246611,3.778193571490482,2.942442483252145,set to Global
Maize ethanol,North America,,,,,78.74193992645179,0.2400236647569553,4.166255860698512,2.309991321148986,own
Maize ethanol,Oceania,,,,,90.95823224757606,0.2646767512246611,3.778193571490482,2.942442483252145,set to Global
Maize ethanol,Russia,,,,,90.95823224757606,0.2646767512246611,3.778193571490482,2.942442483252145,set to Global
Maize ethanol,South America,,,,,90.95823224757606,0.2646767512246611,3.778193571490482,2.942442483252145,set to Global
Maize ethanol,South Asia,,,,,90.95823224757606,0.2646767512246611,3.778193571490482,2.942442483252145,set to Global
Maize ethanol,Sub-Saharan Africa,,,,,113.9002671108716,0.8263085325720946,1.210201711081509,11.50315987039437,own
Maize ethanol,Brazil,,,,,90.95823224757606,0.2646767512246611,3.778193571490482,2.942442483252145,set to Global
Maize ethanol,China,,,,,107.0356446895225,0.2655589980240317,3.7656415615392,3.474078490251828,own
Maize ethanol,India,,,,,90.95823224757606,0.2646767512246611,3.778193571490482,2.942442483252145,set to Global
Maize ethanol,United States,,,,,70.12955453416963,0.2302358714311197,4.343371837690257,1.973441445708428,own
Sugarcane ethanol,Global,,,,,150.6154522039381,0.2100961154273374,4.759726270835569,3.867565952724126,own
Sugarcane ethanol,Central Asia,,,,,150.6154522039381,0.2100961154273374,4.759726270835569,3.867565952724126,set to Global
Sugarcane ethanol,East Asia,,,,,186.6028586580868,0.2232001747652985,4.480283230295538,5.090529970067577,own
Sugarcane ethanol,Europe,,,,,150.6154522039381,0.2100961154273374,4.759726270835569,3.867565952724126,set to Global
Sugarcane ethanol,Middle East & N. Africa,,,,,150.6154522039381,0.2100961154273374,4.759726270835569,3.867565952724126,set to Global
Sugarcane ethanol,North America,,,,,150.6154522039381,0.2100961154273374,4.759726270835569,3.867565952724126,set to Global
Sugarcane ethanol,Oceania,,,,,150.6154522039381,0.2100961154273374,4.759726270835569,3.867565952724126,set to Global
Sugarcane ethanol,Russia,,,,,150.6154522039381,0.2100961154273374,4.759726270835569,3.867565952724126,set to Global
Sugarcane ethanol,South America,,,,,158.3507753243808,0.2105751562086211,4.748898293630041,4.075468130517391,own
Sugarcane ethanol,South Asia,,,,,77.43432896048643,0.1959206912370702,5.104106124196798,1.8542317756621,own
Sugarcane ethanol,Sub-Saharan Africa,,,,,72.40046680305176,0.2509649784113855,3.98461971200135,2.220775527446925,own
Sugarcane ethanol,Brazil,,,,,156.2238263636952,0.2079616086166636,4.808579846308574,3.970823784258758,own
Sugarcane ethanol,China,,,,,186.6028586580868,0.2232001747652985,4.480283230295538,5.090529970067577,set to region
Sugarcane ethanol,India,,,,,89.7645319667347,0.1875502478197322,5.33190444494198,2.057655137484633,own
Sugarcane ethanol,United States,,,,,150.6154522039381,0.2100961154273374,4.759726270835569,3.867565952724126,set to Global
Cereal straw - average all cereals,Global,,,,,108.2613248765279,0.185216077556475,5.399099328702099,2.450767971018611,own
Yogurt,Global,,,,,44.33850368724017,0.907903277362393,1.101438914181655,4.920064454676544,own
Yogurt,Central Asia,,,,,8.9516242866115,5.220733830415208,0.1915439538737161,5.711939169478551,own
Yogurt,East Asia,,,,,46.81183820587021,0.8390125375095107,1.191877302535142,4.800365674939001,own
Yogurt,Europe,,,,,107.351128158976,0.202585689986274,4.936182807718323,2.658064733975578,own
Yogurt,Middle East & N. Africa,,,,,14.91702134458124,1.906073042509206,0.5246388662438524,3.475136165042755,own
Yogurt,North America,,,,,76.53548983405722,0.1153763947636532,8.667284170635462,1.079269753041792,own
Yogurt,Oceania,,,,,75.75414472120437,0.1629746040913944,6.135925321464263,1.508955768738058,own
Yogurt,Russia,,,,,68.50921112925731,0.5508906378481322,1.81524232088271,4.612799035468424,own
Yogurt,South America,,,,,93.54630034258807,0.6625930721446671,1.50922193732455,7.575715953882163,own
Yogurt,South Asia,,,,,75.78563271741194,0.3086965110346855,3.239427606901714,2.859359605229256,own
Yogurt,Sub-Saharan Africa,,,,,60.80457617625145,3.747481895380909,0.2668458522061402,27.85005035716587,own
Yogurt,Brazil,,,,,124.2219669150812,0.5638774783650373,1.773434900963769,8.56117404530924,own
Yogurt,China,,,,,38.462838154069,1.393819880915929,0.7174528170331907,6.552366149461381,own
Yogurt,India,,,,,82.88653780182568,0.2727618889385637,3.66620133000046,2.763235275582667,own
Yogurt,United States,,,,,75.27727605795967,0.106603872609621,9.380522259842838,0.9808148957789118,own
Sheep/goat milk/yogurt,Global,,,,,46.21992909139929,3.246522306762748,0.3080219094496673,18.33993709927136,own
Cheese,Global,,,,,78.18308908307526,2.713729970009088,0.3684965015132479,25.93161902132165,own
Cheese,Central Asia,,,,,78.18308908307526,2.713729970009088,0.3684965015132479,25.93161902132165,set to Global
Cheese,East Asia,,,,,46.81183820587022,6.695682051947252,0.1493499829056516,38.30898926478603,own
Cheese,Europe,,,,,107.351128158976,1.865423440289506,0.5360713167862863,24.47564909891161,own
Cheese,Middle East & N. Africa,,,,,14.91702134458124,16.69316583897963,0.0599047544154228,30.43483802684031,own
Cheese,North America,,,,,76.53548983405723,1.090600146579567,0.9169263392603468,10.20184200830199,own
Cheese,Oceania,,,,,75.75414472120436,1.323818772041291,0.7553904062396914,12.25702608067214,own
Cheese,Russia,,,,,68.50921112925732,5.301041113080998,0.1886421890847765,44.38746214478148,own
Cheese,South America,,,,,93.54630034258805,6.18765812704646,0.161612031477461,70.74619756965983,own
Cheese,South Asia,,,,,78.18308908307526,2.713729970009088,0.3684965015132479,25.93161902132165,set to Global
Cheese,Sub-Saharan Africa,,,,,60.80457617625144,25.46767050436556,0.03926546795195045,189.2673335928672,own
Cheese,Brazil,,,,,93.54630034258805,6.18765812704646,0.161612031477461,70.74619756965983,set to region
Cheese,China,,,,,46.81183820587022,6.695682051947252,0.1493499829056516,38.30898926478603,set to region
Cheese,India,,,,,78.18308908307526,2.713729970009088,0.3684965015132479,25.93161902132165,set to Global
Cheese,United States,,,,,75.27727605795967,0.9991177171595955,1.000883061950811,9.192438469991497,own
Sheep/goat cheese (28% fat),Global,,,,,37.13536243426872,30.39361756907017,0.03290164448925759,137.9495338363973,own
Butter,Global,,,,,59.58000588990958,5.304582318513728,0.1885162563148207,38.62797226206821,own
Butter,Central Asia,,,,,59.58000588990958,5.304582318513728,0.1885162563148207,38.62797226206821,set to Global
Butter,East Asia,,,,,46.8118382058702,8.321896973672143,0.1201649098953862,47.61329157413414,own
Butter,Europe,,,,,107.351128158976,2.328813738966126,0.4294031692049141,30.55565115168337,own
Butter,Middle East & N. Africa,,,,,14.91702117796593,20.57384300435593,0.04860540637878291,37.51005522099289,own
Butter,North America,,,,,76.5354898340572,1.359088632910431,0.7357871854601139,12.71337396360766,own
Butter,Oceania,,,,,75.75414472109358,1.61859470453505,0.6178198885725722,14.98630924903981,own
Butter,Russia,,,,,68.50921112922362,6.623519416977044,0.1509771372356597,55.46103324131241,own
Butter,South America,,,,,93.54630034254126,7.742894770036441,0.1291506638925036,88.52789729404144,own
Butter,South Asia,,,,,75.78563271741191,2.952287664447174,0.3387203801453587,27.34612083059259,own
Butter,Sub-Saharan Africa,,,,,60.80457617625145,31.00414408869847,0.03225375282540106,230.4125805692019,own
Butter,Brazil,,,,,124.2219669148951,5.685144541504133,0.1758970229691693,86.31575787280394,own
Butter,China,,,,,46.8118382058702,8.321896973672143,0.1201649098953862,47.61329157413414,set to region
Butter,India,,,,,82.88653780182577,2.689615087830643,0.3718004128265683,27.24735232386879,own
Butter,United States,,,,,75.27727605795141,1.244805075394384,0.8033386268795343,11.45289875874248,own
Cream,Global,,,,,59.81089473769527,2.919372638930906,0.3425393478943499,21.34125761865828,own
Cream,Central Asia,,,,,8.951624286611496,27.16233476079292,0.03681568645724209,29.71796856426268,own
Cream,East Asia,,,,,46.8118382058702,4.565461505518411,0.2190359066200142,26.12104554051134,own
Cream,Europe,,,,,107.351128158976,1.272741735958965,0.7857053569839414,16.69925414791436,own
Cream,Middle East & N. Africa,,,,,14.91702134458123,11.33545425280309,0.08821878485837606,20.66670381594963,own
Cream,North America,,,,,76.53548983405722,0.7416101212553896,1.348417411438791,6.937271476199266,own
Cream,Oceania,,,,,75.75414472120436,0.9001457961918339,1.110931144966305,8.334305822932212,own
Cream,Russia,,,,,68.50921112925734,3.614102591664442,0.2766938609618879,30.26213880496099,own
Cream,South America,,,,,93.54630034258807,4.222369605873179,0.2368338381862717,48.27619564880782,own
Cream,South Asia,,,,,75.78563271741194,1.648172199790553,0.6067327189034484,15.26650558746815,own
Cream,Sub-Saharan Africa,,,,,60.80457617625146,17.41969734702467,0.05740627865562788,129.4574495260942,own
Cream,Brazil,,,,,124.2219669150812,3.100280622704185,0.3225514466905777,47.07058362612549,own
Cream,China,,,,,38.46283815406901,7.625720578492073,0.1311351484370467,35.84861578450706,own
Cream,India,,,,,82.88653780182568,1.499661268136031,0.6668172481662653,15.19243371449112,own
Cream,United States,,,,,75.27727605795968,0.6793324145667539,1.472033394192963,6.250235897456448,own
Skim-milk powder,Global,,,,,76.51541147579702,1.866662158487794,0.535715579518745,17.45680727303247,own
Whole-milk powder,Global,,,,,68.40020517014872,5.177708733713365,0.1931356226140625,43.28577485188796,own
Soy milk,Global,,,,,104.1913636884579,0.03284302203304286,30.44786801269126,0.4182394642888984,own
Soy milk,Central Asia,,,,,104.1913636884579,0.03284302203304286,30.44786801269126,0.4182394642888984,set to Global
Soy milk,East Asia,,,,,104.1913636884579,0.03284302203304286,30.44786801269126,0.4182394642888984,set to Global
Soy milk,Europe,,,,,104.1913636884579,0.03284302203304286,30.44786801269126,0.4182394642888984,set to Global
Soy milk,Middle East & N. Africa,,,,,104.1913636884579,0.03284302203304286,30.44786801269126,0.4182394642888984,set to Global
Soy milk,North America,,,,,104.1913636884579,0.03284302203304286,30.44786801269126,0.4182394642888984,set to Global
Soy milk,Oceania,,,,,104.1913636884579,0.03284302203304286,30.44786801269126,0.4182394642888984,set to Global
Soy milk,Russia,,,,,104.1913636884579,0.03284302203304286,30.44786801269126,0.4182394642888984,set to Global
Soy milk,South America,,,,,104.1913636884579,0.03284302203304286,30.44786801269126,0.4182394642888984,set to Global
Soy milk,South Asia,,,,,104.1913636884579,0.03284302203304286,30.44786801269126,0.4182394642888984,set to Global
Soy milk,Sub-Saharan Africa,,,,,104.1913636884579,0.03284302203304286,30.44786801269126,0.4182394642888984,set to Global
Soy milk,Brazil,,,,,104.1913636884579,0.03284302203304286,30.44786801269126,0.4182394642888984,set to Global
Soy milk,China,,,,,104.1913636884579,0.03284302203304286,30.44786801269126,0.4182394642888984,set to Global
Soy milk,India,,,,,104.1913636884579,0.03284302203304286,30.44786801269126,0.4182394642888984,set to Global
Soy milk,United States,,,,,104.1913636884579,0.03284302203304286,30.44786801269126,0.4182394642888984,set to Global
Oat milk,Global,,,,,103.4556360885221,0.05840010947960561,17.12325557110845,0.7384447245819027,own
Oat milk,Central Asia,,,,,103.4556360885221,0.05840010947960561,17.12325557110845,0.7384447245819027,set to Global
Oat milk,East Asia,,,,,103.4556360885221,0.05840010947960561,17.12325557110845,0.7384447245819027,set to Global
Oat milk,Europe,,,,,103.4556360885221,0.05840010947960561,17.12325557110845,0.7384447245819027,set to Global
Oat milk,Middle East & N. Africa,,,,,103.4556360885221,0.05840010947960561,17.12325557110845,0.7384447245819027,set to Global
Oat milk,North America,,,,,103.4556360885221,0.05840010947960561,17.12325557110845,0.7384447245819027,set to Global
Oat milk,Oceania,,,,,103.4556360885221,0.05840010947960561,17.12325557110845,0.7384447245819027,set to Global
Oat milk,Russia,,,,,103.4556360885221,0.05840010947960561,17.12325557110845,0.7384447245819027,set to Global
Oat milk,South America,,,,,103.4556360885221,0.05840010947960561,17.12325557110845,0.7384447245819027,set to Global
Oat milk,South Asia,,,,,103.4556360885221,0.05840010947960561,17.12325557110845,0.7384447245819027,set to Global
Oat milk,Sub-Saharan Africa,,,,,103.4556360885221,0.05840010947960561,17.12325557110845,0.7384447245819027,set to Global
Oat milk,Brazil,,,,,103.4556360885221,0.05840010947960561,17.12325557110845,0.7384447245819027,set to Global
Oat milk,China,,,,,103.4556360885221,0.05840010947960561,17.12325557110845,0.7384447245819027,set to Global
Oat milk,India,,,,,103.4556360885221,0.05840010947960561,17.12325557110845,0.7384447245819027,set to Global
Oat milk,United States,,,,,103.4556360885221,0.05840010947960561,17.12325557110845,0.7384447245819027,set to Global
Almond milk,Global,,,,,38.89216138947792,0.06012813432195853,16.63114964860642,0.2858182682786222,own
Almond milk,Central Asia,,,,,38.89216138947792,0.06012813432195853,16.63114964860642,0.2858182682786222,set to Global
Almond milk,East Asia,,,,,38.89216138947792,0.06012813432195853,16.63114964860642,0.2858182682786222,set to Global
Almond milk,Europe,,,,,38.89216138947792,0.06012813432195853,16.63114964860642,0.2858182682786222,set to Global
Almond milk,Middle East & N. Africa,,,,,38.89216138947792,0.06012813432195853,16.63114964860642,0.2858182682786222,set to Global
Almond milk,North America,,,,,38.89216138947792,0.06012813432195853,16.63114964860642,0.2858182682786222,set to Global
Almond milk,Oceania,,,,,38.89216138947792,0.06012813432195853,16.63114964860642,0.2858182682786222,set to Global
Almond milk,Russia,,,,,38.89216138947792,0.06012813432195853,16.63114964860642,0.2858182682786222,set to Global
Almond milk,South America,,,,,38.89216138947792,0.06012813432195853,16.63114964860642,0.2858182682786222,set to Global
Almond milk,South Asia,,,,,38.89216138947792,0.06012813432195853,16.63114964860642,0.2858182682786222,set to Global
Almond milk,Sub-Saharan Africa,,,,,38.89216138947792,0.06012813432195853,16.63114964860642,0.2858182682786222,set to Global
Almond milk,Brazil,,,,,38.89216138947792,0.06012813432195853,16.63114964860642,0.2858182682786222,set to Global
Almond milk,China,,,,,38.89216138947792,0.06012813432195853,16.63114964860642,0.2858182682786222,set to Global
Almond milk,India,,,,,38.89216138947792,0.06012813432195853,16.63114964860642,0.2858182682786222,set to Global
Almond milk,United States,,,,,38.89216138947792,0.06012813432195853,16.63114964860642,0.2858182682786222,set to Global
Rice milk,Global,,,,,114.5473439374128,0.03155392979673952,31.69177362191287,0.4417623037671679,own
Rice milk,Central Asia,,,,,114.5473439374128,0.03155392979673952,31.69177362191287,0.4417623037671679,set to Global
Rice milk,East Asia,,,,,114.5473439374128,0.03155392979673952,31.69177362191287,0.4417623037671679,set to Global
Rice milk,Europe,,,,,114.5473439374128,0.03155392979673952,31.69177362191287,0.4417623037671679,set to Global
Rice milk,Middle East & N. Africa,,,,,114.5473439374128,0.03155392979673952,31.69177362191287,0.4417623037671679,set to Global
Rice milk,North America,,,,,114.5473439374128,0.03155392979673952,31.69177362191287,0.4417623037671679,set to Global
Rice milk,Oceania,,,,,114.5473439374128,0.03155392979673952,31.69177362191287,0.4417623037671679,set to Global
Rice milk,Russia,,,,,114.5473439374128,0.03155392979673952,31.69177362191287,0.4417623037671679,set to Global
Rice milk,South America,,,,,114.5473439374128,0.03155392979673952,31.69177362191287,0.4417623037671679,set to Global
Rice milk,South Asia,,,,,114.5473439374128,0.03155392979673952,31.69177362191287,0.4417623037671679,set to Global
Rice milk,Sub-Saharan Africa,,,,,114.5473439374128,0.03155392979673952,31.69177362191287,0.4417623037671679,set to Global
Rice milk,Brazil,,,,,114.5473439374128,0.03155392979673952,31.69177362191287,0.4417623037671679,set to Global
Rice milk,China,,,,,114.5473439374128,0.03155392979673952,31.69177362191287,0.4417623037671679,set to Global
Rice milk,India,,,,,114.5473439374128,0.03155392979673952,31.69177362191287,0.4417623037671679,set to Global
Rice milk,United States,,,,,114.5473439374128,0.03155392979673952,31.69177362191287,0.4417623037671679,set to Global
Plant-based meat,Global,,,,,138.8677444342239,0.3175537137322341,3.149073548052455,5.389751639886359,set to Global
Plant-based meat,Central Asia,,,,,138.8677444342239,0.3175537137322341,3.149073548052455,5.389751639886359,set to Global
Plant-based meat,East Asia,,,,,138.8677444342239,0.3175537137322341,3.149073548052455,5.389751639886359,set to Global
Plant-based meat,Europe,,,,,138.8677444342239,0.3175537137322341,3.149073548052455,5.389751639886359,set to Global
Plant-based meat,Middle East & N. Africa,,,,,138.8677444342239,0.3175537137322341,3.149073548052455,5.389751639886359,set to Global
Plant-based meat,North America,,,,,138.8677444342239,0.3175537137322341,3.149073548052455,5.389751639886359,set to Global
Plant-based meat,Oceania,,,,,138.8677444342239,0.3175537137322341,3.149073548052455,5.389751639886359,set to Global
Plant-based meat,Russia,,,,,138.8677444342239,0.3175537137322341,3.149073548052455,5.389751639886359,set to Global
Plant-based meat,South America,,,,,138.8677444342239,0.3175537137322341,3.149073548052455,5.389751639886359,set to Global
Plant-based meat,South Asia,,,,,138.8677444342239,0.3175537137322341,3.149073548052455,5.389751639886359,set to Global
Plant-based meat,Sub-Saharan Africa,,,,,138.8677444342239,0.3175537137322341,3.149073548052455,5.389751639886359,set to Global
Plant-based meat,Brazil,,,,,138.8677444342239,0.3175537137322341,3.149073548052455,5.389751639886359,set to Global
Plant-based meat,China,,,,,138.8677444342239,0.3175537137322341,3.149073548052455,5.389751639886359,set to Global
Plant-based meat,India,,,,,138.8677444342239,0.3175537137322341,3.149073548052455,5.389751639886359,set to Global
Plant-based meat,United States,,,,,138.8677444342239,0.3175537137322341,3.149073548052455,5.389751639886359,set to Global
